product_name,brand,current_price_kes,original_price_kes,discount_percentage,rating,review_count,product_url,is_smartphone,scraped_at
"Redmi 15C By Xiaomi, 6.9"", 4GB RAM + 128GB (Dual SIM), 6000mAh, Black (25 Months Warranty)",Xiaomi,14699,16800,12.5,4.2,0,https://www.jumia.co.ke/redmi-15c-byxiaomi-6.9-4gb-ram-128gb-dual-sim-6000mah-black-25-months-warranty-325490535.html,TRUE,07/23/26 19:47
"Samsung Galaxy A06, 6.7"", 64GB + 4GB RAM (Dual SIM), 5000mAh, Black(2YRs WRTY)",Samsung,10900,12600,13.5,4.5,0,https://www.jumia.co.ke/samsung-galaxy-a06-6.7-64gb-4gb-ram-dual-sim-5000mah-black2yrs-wrty-313825652.html,TRUE,07/23/26 19:47
Ruioo RUIOO S25 Ultra Android Smartphone 8GB + 128GB 6.8 inches,Ruioo,10050,13400,25,3.5,0,https://www.jumia.co.ke/ruioo-ruioo-s25-ultra-android-smartphone-8gb-128gb-6.8-inches-327386343.html,TRUE,07/23/26 19:47
"XIAOMI Redmi A5, 6.88"", 64GB + 3GB RAM (Dual SIM), 5200mAh, Midnight Black",Xiaomi,10600,13000,18.5,4.1,0,https://www.jumia.co.ke/xiaomi-redmi-a5-6.88-64gb-3gb-ram-dual-sim-5200mah-midnight-black-314449293.html,TRUE,07/23/26 19:47
Ruioo RUIOO S25 Ultra Android Smartphone 8GB + 128GB 6.8 inches,Ruioo,10050,13400,25,3.8,0,https://www.jumia.co.ke/ruioo-ruioo-s25-ultra-android-smartphone-8gb-128gb-6.8-inches-327386541.html,TRUE,07/23/26 19:47
"Tecno Spark 50 4G, 6.78'', 128GB + 4GB RAM (+8GB Extended), 7000mAh (Dual SIM)- Black",Tecno,16570,18000,7.9,4.3,0,https://www.jumia.co.ke/tecno-spark-50-4g-6.78-128gb-4gb-ram-8gb-extended-7000mah-dual-sim-black-327639441.html,TRUE,07/23/26 19:47
Ruioo RUIOO S25 Ultra Android Smartphone 8GB + 128GB 6.8 inches,Ruioo,10050,13400,25,3.6,0,https://www.jumia.co.ke/ruioo-ruioo-s25-ultra-android-smartphone-8gb-128gb-6.8-inches-327386510.html,TRUE,07/23/26 19:47
"Redmi 15C By Xiaomi, 4G, 6.9"", 8GB RAM + 256GB, 6000mAh, Black (25 Months Warranty)",Xiaomi,20840,23000,9.4,4.3,0,https://www.jumia.co.ke/redmi-15c-byxiaomi-4g-6.9-8gb-ram-256gb-6000mah-black-25-months-warranty-327673478.html,TRUE,07/23/26 19:47
"Samsung Galaxy A17 5G, 6.7"", 4GB RAM + 128GB, 5000mAh, Black (2YRs WRTY)",Samsung,18999,24000,20.8,4.1,0,https://www.jumia.co.ke/samsung-galaxy-a17-5g-6.7-4gb-ram-128gb-5000mah-black-2yrs-wrty-326021589.html,TRUE,07/23/26 19:47
"Samsung A06, 6.7"", 4GB RAM+ 64GB (Dual SIM), 5000mAh, Blue (2YR WRTY).",Samsung,11295,12600,10.4,4.5,0,https://www.jumia.co.ke/samsung-a06-6.7-4gb-ram-64gb-dual-sim-5000mah-blue-2yr-wrty.-327817370.html,TRUE,07/23/26 19:47
"XIAOMI Redmi Note 15, 6.8"", 6GB RAM + 128GB, 6000mAh, Black (25 Months Warranty)",Xiaomi,27110,30000,9.6,4.3,0,https://www.jumia.co.ke/xiaomi-redmi-note-15-6.8-6gb-ram-128gb-6000mah-black-25-months-warranty-327051273.html,TRUE,07/23/26 19:47
"XIAOMI Redmi A7 Pro, 6.9"", 128GB + 4GB RAM (Dual Sim), 6000mAh - Black",Xiaomi,14850,16000,7.2,4,0,https://www.jumia.co.ke/xiaomi-redmi-a7-pro-6.9-128gb-4gb-ram-dual-sim-6000mah-black-327531871.html,TRUE,07/23/26 19:47
"Redmi 15C By Xiaomi, 6.9"", 4GB RAM + 128GB (Dual SIM), 6000mAh, Green (25 Months Warranty)",Xiaomi,14699,16500,10.9,4.4,0,https://www.jumia.co.ke/redmi-15c-byxiaomi-6.9-4gb-ram-128gb-dual-sim-6000mah-green-25-months-warranty-328081985.html,TRUE,07/23/26 19:47
"XIAOMI Redmi A5, 6.88"", 3GB + 64GB , 5200mAh, DUAL SIM, 4G - Ocean Blue",Xiaomi,10600,13000,18.5,4.4,0,https://www.jumia.co.ke/xiaomi-redmi-a5-6.88-3gb-64gb-5200mah-dual-sim-4g-ocean-blue-314319001.html,TRUE,07/23/26 19:47
Nokia 105 Original Phone 800 mAh Dual SIM Cards Unlocked Cheap Durable Brand New Phone Classic Feature phone kabambe/ Featured phone katululu with gift,Nokia,1040,1999,48,3,0,https://www.jumia.co.ke/nokia-105-original-phone-800-mah-dual-sim-cards-unlocked-cheap-durable-brand-new-phone-classic-feature-phone-kabambe-featured-phone-katululu-with-gift-328469369.html,TRUE,07/23/26 19:47
"Samsung Galaxy A07, 6.7'' Display, 4GB RAM+128GB ROM (Dual) 50MP Camera, 5000mAh-2 yrs warranty+ FREE GIFTS",Samsung,15090,19888,24.1,4.3,0,https://www.jumia.co.ke/samsung-galaxy-a07-6.7-display-4gb-ram128gb-rom-dual-50mp-camera-5000mah-2-yrs-warranty-free-gifts-325445716.html,TRUE,07/23/26 19:47
"XIAOMI Redmi A7, 5.45"", 64GB + 3GB RAM (Dual Sim), 4000mAh - Black",Xiaomi,12290,15000,18.1,4.4,0,https://www.jumia.co.ke/xiaomi-redmi-a7-5.45-64gb-3gb-ram-dual-sim-4000mah-black-327531872.html,TRUE,07/23/26 19:47
"Samsung GALAXY A17  6.7'' HD+, 8GB RAM + 256GB ROM, DUAL SIM, 50MP, 5000mAh",Samsung,24699,36999,33.2,3.9,0,https://www.jumia.co.ke/samsung-galaxy-a17-6.7-hd-8gb-ram-256gb-rom-dual-sim-50mp-5000mah-326301650.html,TRUE,07/23/26 19:47
"Tecno Spark 50, 6.78''120Hz Display, 128GB ROM+4GB RAM (+8GB Extended), 50MP FlashSnap (4G-Dual Sim), 6700mAh-Ink Black",Tecno,16499,17000,2.9,4.3,0,https://www.jumia.co.ke/tecno-spark-50-6.78120hz-display-128gb-rom4gb-ram-8gb-extended-50mp-flashsnap-4g-dual-sim-6700mah-ink-black-327634489.html,TRUE,07/23/26 19:47
"Itel A200, 6.75"", 64GB + 3GB RAM (Dual SIM), 5000mAh - Blue (1YR WRTY)",Itel,10760,12000,10.3,4.8,0,https://www.jumia.co.ke/itel-a200-6.75-64gb-3gb-ram-dual-sim-5000mah-blue-1yr-wrty-327920406.html,TRUE,07/23/26 19:47
"Samsung Galaxy A06, 6.7"", 4GB RAM + 128GB ROM, 5000mAh, (Dual SIM) - Black",Samsung,13999,19999,30,4.1,0,https://www.jumia.co.ke/samsung-galaxy-a06-6.7-4gb-ram-128gb-rom-5000mah-dual-sim-black-278280171.html,TRUE,07/23/26 19:47
"LESIA L182 1.77""QQVOA Triple Sim 2500mah feature phone with Camera",Lesia,767,945,18.8,4.1,0,https://www.jumia.co.ke/lesia-l182-1.77qqvoa-triple-sim-2500mah-feature-phone-with-camera-326633766.html,TRUE,07/23/26 19:47
"Tecno POP 20 4G, 6.75'', 128GB +4GB RAM (Dual SIM), 5000MAh - Black (1YR WRTY).",Tecno,13990,15000,6.7,5,0,https://www.jumia.co.ke/tecno-pop-20-4g-6.75-128gb-4gb-ram-dual-sim-5000mah-black-1yr-wrty.-327543910.html,TRUE,07/23/26 19:47
"Infinix Smart 20, 6.78"", 4GB RAM + 64GB (Dual SIM), 5200Ah, 5200Ah, Shadow Black",Infinix,12800,14000,8.6,4.5,0,https://www.jumia.co.ke/infinix-smart-20-6.78-4gb-ram-64gb-dual-sim-5200ah-5200ah-shadow-black-327867020.html,TRUE,07/23/26 19:47
"LESIA L182 1.77""QQVOA Triple Sim 2500mah feature phone with Camera",Lesia,767,945,18.8,4.1,0,https://www.jumia.co.ke/lesia-l182-1.77qqvoa-triple-sim-2500mah-feature-phone-with-camera-326903415.html,TRUE,07/23/26 19:47
"Redmi 15C By Xiaomi, 6.9"", 4GB RAM + 128GB (Dual SIM), 6000mAh, Orange (25 Months Warranty)",Xiaomi,14699,17000,13.5,3.4,0,https://www.jumia.co.ke/redmi-15c-byxiaomi-6.9-4gb-ram-128gb-dual-sim-6000mah-orange-25-months-warranty-328082025.html,TRUE,07/23/26 19:47
"Samsung Galaxy A06, 6.7'' Display, 4GB RAM + 64GB ROM (Dual Sim) 50MP Camera, 5000mAh - black+Free Gifts",Samsung,12850,19999,35.7,3.9,0,https://www.jumia.co.ke/samsung-galaxy-a06-6.7-display-4gb-ram-64gb-rom-dual-sim-50mp-camera-5000mah-blackfree-gifts-306245903.html,TRUE,07/23/26 19:47
"Samsung  GALAXY A17, 6.7'' HD+, 4GB RAM + 128GB ROM, DUAL SIM, 50MP, 5000mAh COMES WITH FREE GIFTS+24 MONTHS WARRANTY. GREY",Samsung,19650,22000,10.7,4,0,https://www.jumia.co.ke/galaxy-a17-6.7-hd-4gb-ram-128gb-rom-dual-sim-50mp-5000mah-comes-with-free-gifts24-months-warranty..for-you-samsung-mpg9466596.html,TRUE,07/23/26 19:47
"Safaricom Neon Smarta 2, 5"", 32GB + 2GB RAM (Dual SIM), 3300mAh, Black//WZ//",Safaricom,3050,3500,12.9,4,0,https://www.jumia.co.ke/safaricom-neon-smarta-2-5-32gb-2gb-ram-dual-sim-3300mah-blackwz-327479380.html,TRUE,07/23/26 19:47
"Infinix Smart 20, 6.78"", 4GB RAM + 64GB (Dual SIM), 5200Ah, Polaris Titanium",Infinix,12100,13000,6.9,4,0,https://www.jumia.co.ke/infinix-smart-20-6.78-4gb-ram-64gb-dual-sim-5200ah-polaris-titanium-327867220.html,TRUE,07/23/26 19:47
"Oppo A6 Pro 4G,  6.57"", 8GB RAM + 256GB ROM, IP69,80W Flash Charge,7000mA,(Dual Sim) Stellar Blue (2YRs WRTY)",Oppo,40999,45999,10.9,4.8,0,https://www.jumia.co.ke/oppo-a6-pro-4g-6.57-8gb-ram-256gb-rom-ip6980w-flash-charge7000madual-sim-stellar-blue-2yrs-wrty-325911441.html,TRUE,07/23/26 19:47
"Samsung GALAXY A17, 6.7'' HD+, 4GB RAM + 128GB ROM, DUAL SIM, 50MP, 5000mAh - Blue",Samsung,19750,25000,21,4.1,0,https://www.jumia.co.ke/samsung-galaxy-a17-6.7-hd-4gb-ram-128gb-rom-dual-sim-50mp-5000mah-blue-325430936.html,TRUE,07/23/26 19:47
"Infinix Smart 20, 6.78"", 128GB + 4GB RAM, 5200mAh (Dual SIM) - Black (1YR WRTY)",Infinix,14650,15000,2.3,4.7,0,https://www.jumia.co.ke/infinix-smart-20-6.78-128gb-4gb-ram-5200mah-dual-sim-black-1yr-wrty-327608245.html,TRUE,07/23/26 19:47
Oppo A3S -4G LTE Dual SIM 6.2'' Display -4GB RAM+64GB ROM -13MP Rear/8MP Front 4230mAh Face Unlock Smartphone- Red,Oppo,7299,8710,16.2,,0,https://www.jumia.co.ke/renewed-oppo-a3s-4g-lte-dual-sim-6.2-display-4gb-ram64gb-rom-13mp-rear8mp-front-4230mah-face-unlock-smartphone-red-319407977.html,TRUE,07/23/26 19:47
"Tecno Spark 50 4G, 6.78'', 128GB + 4GB RAM, 6700mAh (Dual SIM), Grey",Tecno,16570,18000,7.9,4.8,0,https://www.jumia.co.ke/tecno-spark-50-4g-6.78-128gb-4gb-ram-6700mah-dual-sim-grey-328026396.html,TRUE,07/23/26 19:47
"Samsung Galaxy A07, 6.7'' Display, 4GB RAM + 128GB ROM (Dual Sim) 50MP Camera, 5000mAh/WARRANTY 2 year",Samsung,15600,16999,8.2,4.2,0,https://www.jumia.co.ke/samsung-galaxy-a07-6.7-display-4gb-ram-128gb-rom-dual-sim-50mp-camera-5000mahwarranty-2-year-310415087.html,TRUE,07/23/26 19:47
"LESIA L256 2.4""QVGA Dunl Sim 2500mah feature phone with Camera",Lesia,767,1023,25,4.1,0,https://www.jumia.co.ke/lesia-l256-2.4qvga-dunl-sim-2500mah-feature-phone-with-camera-326903723.html,TRUE,07/23/26 19:47
"Redmi 15C By Xiaomi, 6.9"", 4GB RAM + 128GB (Dual SIM), 6000mAh, Blue (25 Months Warranty)",Xiaomi,14699,16800,12.5,3.5,0,https://www.jumia.co.ke/redmi-15c-byxiaomi-6.9-4gb-ram-128gb-dual-sim-6000mah-blue-25-months-warranty-328081972.html,TRUE,07/23/26 19:47
"Poco C85, 6.9"", 128GB + 6GB RAM (Dual SIM), 6000mAh, 4G - Black(25 Months Warranty)",Poco,16800,18000,6.7,4.3,0,https://www.jumia.co.ke/poco-c85-6.9-128gb-6gb-ram-dual-sim-6000mah-4g-black25-months-warranty-325670986.html,TRUE,07/23/26 19:47
"Safaricom  Neon Smarta 2, IPS LCD DISPLAY, 5"" Inches, 32GB ROM + 2GB RAM (Dual SIM), 3300mAh +Free Gifts(Earpods)",Safaricom,3250,10000,67.5,4.6,0,https://www.jumia.co.ke/safaricom-neon-smarta-2-ips-lcd-display-5-inches-32gb-rom-2gb-ram-dual-sim-3300mah-free-giftsearpods-327110336.html,TRUE,07/23/26 19:47
"Samsung Galaxy A26 5G, 6.7'' 8GB RAM + 256GB ROM, 50MP +free gifts",Samsung,32899,59569,44.8,4.3,0,https://www.jumia.co.ke/samsung-galaxy-a26-5g-6.7-8gb-ram-256gb-rom-50mp-free-gifts-325561238.html,TRUE,07/23/26 19:47
"Samsung GALAXY A17, 6.7'' HD+, 6GB RAM + 128GB ROM, DUAL SIM, 50MP, 5000mAh/24 MONTHS WARRANTY+AWESOME GIFTS FOR YOU.",Samsung,22350,35000,36.1,4.7,0,https://www.jumia.co.ke/samsung-galaxy-a17-6.7-hd-6gb-ram-128gb-rom-dual-sim-50mp-5000mah24-months-warrantyawesome-gifts-for-you.-325919901.html,TRUE,07/23/26 19:47
"XIAOMI Redmi A5 4G, 6.88"", 3GB RAM + 64GB, 5200mAh, Dual SIM - Green",Xiaomi,10600,13000,18.5,4.3,0,https://www.jumia.co.ke/xiaomi-redmi-a5-4g-6.88-3gb-ram-64gb-5200mah-dual-sim-green-328084295.html,TRUE,07/23/26 19:47
"XIAOMI Redmi A7 Pro, 6.9"", 64GB + 4GB RAM (Dual Sim), 6000mAh - Black",Xiaomi,13500,15000,10,4.8,0,https://www.jumia.co.ke/xiaomi-redmi-a7-pro-6.9-64gb-4gb-ram-dual-sim-6000mah-black-327531874.html,TRUE,07/23/26 19:47
"I16Pro Max 6.6-Inch Android Smartphone, 4GB+64GB, Android 12, Incell Screen,Dual SIM, GPS WIFI All-In-One Phone",I16Pro,14418,,0,,0,https://www.jumia.co.ke/landvo-i16pro-max-6.6-inch-android-smartphone-4gb64gb-android-12-incell-screendual-sim-gps-wifi-all-in-one-phone-326729213.html,TRUE,07/23/26 19:47
Honor Play 10 6.74” 3GB RAM + 64GB 4G 5000 mAh Midnight Black - Dual Card Sim  (1YR WRTY),Honor,11500,,0,4.8,0,https://www.jumia.co.ke/honor-play-10-6.74-3gb-ram-64gb-4g-5000-mah-midnight-black-dual-card-sim-1yr-wrty-326846533.html,TRUE,07/23/26 19:47
"Redmi 15C By Xiaomi, 6.9"", 8GB RAM+ 256GB, 6000mAh, 1 YEAR WARRANTY - Black",Xiaomi,21183,24999,15.3,3.1,0,https://www.jumia.co.ke/redmi-15c-byxiaomi-6.9-8gb-ram-256gb-6000mah-1-year-warranty-black-327074462.html,TRUE,07/23/26 19:47
"Redmi A7 PRO By Xiaomi, 4GB RAM + 64GB, 50MP, 6.9"", 6000mAh, Dual Sim, (12 MONTHS WARRANTY) - BLUE",Xiaomi,12399,15099,17.9,4.3,0,https://www.jumia.co.ke/redmi-a7-pro-by-xiaomi-4gb-ram-64gb-50mp-6.9-6000mah-dual-sim-12-months-warranty-blue-327543048.html,TRUE,07/23/26 19:47
"Nokia C1 2nd Edition ,5.45"" - 16GB + 1GB (Dual Sim) 2500 mAh, 5MP, Blue - Clearance Sale!!",Nokia,4999,8799,43.2,5,0,https://www.jumia.co.ke/nokia-c1-2nd-edition-5.45-16gb-1gb-dual-sim-2500-mah-5mp-blue-clearance-sale-327671364.html,TRUE,07/23/26 19:47
"Redmi 15C By Xiaomi, 6.9"", Up to 4GB + 4GB Extended RAM + 128GB Storage, 6000mAh (Dual Sim) 1 Year warranty",Xiaomi,15545,31999,51.4,4.3,0,https://www.jumia.co.ke/redmi-15c-byxiaomi-6.9-up-to-4gb-4gb-extended-ram-128gb-storage-6000mah-dual-sim-1-year-warranty-325508457.html,TRUE,07/23/26 19:47
"Samsung  A17, 5G 6.7'' HD+, 8GB RAM + 256 GB ROM, DUAL SIM, 50MP, 5000mAh",Samsung,24599,39999,38.5,4.8,0,https://www.jumia.co.ke/samsung-a17-5g-6.7-hd-8gb-ram-256-gb-rom-dual-sim-50mp-5000mah-326115038.html,TRUE,07/23/26 19:47
"LESIA L256 2.4""QVGA Dual Sim 2500mah feature phone with Camera",Lesia,767,1023,25,4.1,0,https://www.jumia.co.ke/l256-2.4qvga-dunl-sim-2500mah-feature-phone-with-camera-lesia-mpg10125212.html,TRUE,07/23/26 19:47
"Samsung GALAXY A17, 6.7'' HD+, 4GB RAM + 128GB ROM, DUAL SIM, 50MP, 5000mAh/24 MONTHS WARRANTY+AMAIZING GIFTS",Samsung,19550,27000,27.6,4,0,https://www.jumia.co.ke/samsung-galaxy-a17-6.7-hd-4gb-ram-128gb-rom-dual-sim-50mp-5000mah24-months-warrantyamaizing-gifts-325431005.html,TRUE,07/23/26 19:47
"Honor X5c Plus 6.74"" 4GB RAM+128GB  4G 5260 mAh Midnight Black - Dual Sim (1YR WRTY)",Honor,15500,,0,4.6,0,https://www.jumia.co.ke/honor-x5c-plus-6.74-4gb-ram128gb-4g-5260-mah-midnight-black-dual-sim-1yr-wrty-326840829.html,TRUE,07/23/26 19:47
"Redmi 15C By Xiaomi, 6.88"", 8GB RAM + 256GB ROM, Android 15 Dual SIM +  SW BD2 PB2 BLUE",Xiaomi,20599,29000,29,4.1,0,https://www.jumia.co.ke/redmi-15c-byxiaomi-6.88-8gb-ram-256gb-rom-android-15-dual-sim-sw-bd2-pb2-blue-275367902.html,TRUE,07/23/26 19:47
"Redmi Note 15 By Xiaomi, 6.77"", 8GB RAM + 256GB, 6000mAh, Black (25 Months Warranty)",Xiaomi,30680,34999,12.3,4.7,0,https://www.jumia.co.ke/redmi-note-15-by-xiaomi-6.77-8gb-ram-256gb-6000mah-black-25-months-warranty-326642290.html,TRUE,07/23/26 19:47
"Redmi  A7 By Xiaomi 6.88"" 64GB ROM + 3GB RAM 50MP 5200mAh (Dual Sim) on screen fingerprint (2 Years Warranty) BLACK",Xiaomi,12199,19990,39,4.6,0,https://www.jumia.co.ke/redmi-a7-by-xiaomi-6.88-64gb-rom-3gb-ram-50mp-5200mah-dual-sim-on-screen-fingerprint-2-years-warranty-black-327542864.html,TRUE,07/23/26 19:47
"Oppo A5 4G, 6.67"", 6GB RAM +128GB, 45W SUPERVOOC, IP65, 6000mAh (Dual SIM) -  Mist White",Oppo,22256,25999,14.4,4.1,0,https://www.jumia.co.ke/oppo-a5-4g-6.67-6gb-ram-128gb-45w-supervooc-ip65-6000mah-dual-sim-mist-white-318570835.html,TRUE,07/23/26 19:47
"OPPO A31, 6GB + 128GB, Dual Sim, Green, Refurbished",Oppo,9450,11403,17.1,3.3,0,https://www.jumia.co.ke/renewed-oppo-a31-6gb-128gb-dual-sim-green-refurbished-327457832.html,TRUE,07/23/26 19:47
"XIAOMI Xiaomi Redmi Note 15 Pro - 6.83"" AMOLED, 256GB, 8GB RAM, 4G, 50MP Camera",Xiaomi,33850,50000,32.3,4.3,0,https://www.jumia.co.ke/xiaomi-redmi-note-15-pro-6.83-amoled-256gb-8gb-ram-5g-50mp-camera-xiaomi-mpg10320557.html,TRUE,07/23/26 19:47
"Samsung Galaxy A56 5G, 6.7"", 128GB + 8GB RAM (Dual SIM), 5000mAh, Awesome Graphite",Samsung,52500,53600,2.1,4.3,0,https://www.jumia.co.ke/galaxy-a56-5g-6.7-128gb-8gb-ram-dual-sim-5000mah-awesomegraphite-samsung-mpg8632758.html,TRUE,07/23/26 19:47
"Oppo A6 Pro 4G,  6.57"", 8GB RAM + 256GB, IP69, 80W Flash Charge, 7000mA (Dual SIM), Rosewood Red (2YRS WRTY)",Oppo,40999,45999,10.9,3.7,0,https://www.jumia.co.ke/oppo-a6-pro-4g-6.57-8gb-ram-256gb-ip69-80w-flash-charge-7000ma-dual-sim-rosewood-red-2yrs-wrty-325911438.html,TRUE,07/23/26 19:48
"Samsung Galaxy A57 5G, 6.7"", 8GB+ 256GB (Dual SIM), 5000mAh, Awesome Navy",Samsung,60220,66000,8.8,2,0,https://www.jumia.co.ke/samsung-galaxy-a57-5g-6.7-8gb-256gb-dual-sim-5000mah-awesome-navy-328003654.html,TRUE,07/23/26 19:48
"Oppo A6x,6.75"" 4GB RAM+256GB ROM, Snapdragon® 685 4G,120Hz, 6500mAh (Dual Sim)  Ice Blue (2YRs WRTY)",Oppo,20447,21999,7.1,4.3,0,https://www.jumia.co.ke/oppo-a6x6.75-4gb-ram256gb-rom-snapdragonr-685-4g120hz-6500mah-dual-sim-ice-blue-2yrs-wrty-326546575.html,TRUE,07/23/26 19:48
"Infinix Note Edge 6.67"", 8GB RAM + 256GB (Dual SIM), 6150MAh, Shadow Black + Free Power Bank (1YR WRTY)",Infinix,34358,36000,4.6,4,0,https://www.jumia.co.ke/infinix-note-edge-6.67-8gb-ram-256gb-dual-sim-6150mah-shadow-black-free-power-bank-1yr-wrty-326846294.html,TRUE,07/23/26 19:48
"Poco C85, 6.9"", 256GB + 8GB RAM (Dual SIM), 6000mAh, 4G - Black (25 Months Warranty)",Poco,20640,22000,6.2,4.5,0,https://www.jumia.co.ke/poco-c85-6.9-256gb-8gb-ram-dual-sim-6000mah-4g-black-25-months-warranty-325669322.html,TRUE,07/23/26 19:48
"I16Pro Max 6.6-Inch Android Smartphone,4GB+64GB , Android 12, Incell Screen,Dual SIM, GPS WIFI All-In-One Phone",I16Pro,14418,,0,,0,https://www.jumia.co.ke/landvo-i16pro-max-6.6-inch-android-smartphone4gb64gb-android-12-incell-screendual-sim-gps-wifi-all-in-one-phone-326729266.html,TRUE,07/23/26 19:48
"Vivo Y31d,  6.75"", 6GB RAM + 256GB (Dual SIM), 7200mAh, 44W Fast Charge, Grey",Vivo,29399,32999,10.9,3.3,0,https://www.jumia.co.ke/vivo-y31d-6.75-6gb-ram-256gb-dual-sim-7200mah-44w-fast-charge-grey-327050229.html,TRUE,07/23/26 19:48
"Oppo A5,4G,6.67"", 6GB RAM +128GB ROM, 45W SUPERVOOC,IP65,6000mAh (Dual Sim)",Oppo,22256,25999,14.4,4.5,0,https://www.jumia.co.ke/oppo-a54g6.67-6gb-ram-128gb-rom-45w-supervoocip656000mah-dual-sim-318568506.html,TRUE,07/23/26 19:48
"LESIA L282 2.8""QVGA Dual Sim 1400mah feature phone with Camera",Lesia,899,1526,41.1,5,0,https://www.jumia.co.ke/lesia-l282-2.8qvga-dual-sim-1400mah-feature-phone-with-camera-326935340.html,TRUE,07/23/26 19:48
"Tecno BEST SMALL PHONE // BUTTON PHONE // T301 2/Dual Sim,Button/KABAMBE/KATULULU/MULIKA MWIZI",Tecno,1200,2700,55.6,4.1,0,https://www.jumia.co.ke/tecno-best-small-phone-button-phone-t301-2dual-simbuttonkabambekatululumulika-mwizi-286863880.html,TRUE,07/23/26 19:48
"LESIA L253 2.4"" Dual Sim 3000mah feature phone with Camera",Lesia,910,1191,23.6,4.3,0,https://www.jumia.co.ke/lesia-l253-2.4-dual-sim-3000mah-feature-phone-with-camera-326633767.html,TRUE,07/23/26 19:48
"LESIA L287 2.8"" Trip Sim 2500mah feature phone with Camera",Lesia,899,1246,27.8,4.3,0,https://www.jumia.co.ke/lesia-l287-2.8-trip-sim-2500mah-feature-phone-with-camera-326946396.html,TRUE,07/23/26 19:48
"VILLAON V110, 1.77"" Kabambe, Wireless FM, Camera, Bright Touch, Facebook, 1000mAh (Dual Sim) - Blck",Villaon,999,2500,60,5,0,https://www.jumia.co.ke/villaon-v110-1.77-kabambe-wireless-fm-camera-bright-touch-facebook-1000mah-dual-sim-blck-327612990.html,TRUE,07/23/26 19:48
SIMI Smartphone COOL2 6.6inch  Screen HD+ 6(3+3)GB+64GB 5000mAh,Simi,8100,11475,29.4,,0,https://www.jumia.co.ke/simi-smartphone-cool2-6.6inch-screen-hd-633gb64gb-5000mah-325902894.html,TRUE,07/23/26 19:48
"Redmi 15C By Xiaomi, 4G, 6.9"", 8GB RAM + 256GB, 6000mAh, Green (25 Months Warranty)",Xiaomi,20840,24000,13.2,,0,https://www.jumia.co.ke/redmi-15c-byxiaomi-4g-6.9-8gb-ram-256gb-6000mah-green-25-months-warranty-328082049.html,TRUE,07/23/26 19:48
"AGM AGM NOTE N1 Smartphone - 128GB Storage, 8GB RAM, 6.52"" Display, 50MP Camera, Android 13 - Vivid Blue",Agm,12057,14242,15.3,4,0,https://www.jumia.co.ke/agm-agm-note-n1-smartphone-128gb-storage-8gb-ram-6.52-display-50mp-camera-android-13-vivid-blue-129715600.html,TRUE,07/23/26 19:48
Mobile Phone Magnifier - Ultra HD Screen Magnifier,Mobile,801,,0,5,0,https://www.jumia.co.ke/generic-mobile-phone-magnifier-ultra-hd-screen-magnifier-326464126.html,TRUE,07/23/26 19:48
"SQ SQ LS 980 Wireless Desktop Telephone - GSM 900/1800MHz, Dual SIM",Sq,3565,4500,20.8,3.9,0,https://www.jumia.co.ke/sq-sq-ls-980-wireless-desktop-telephone-gsm-9001800mhz-dual-sim-147007393.html,TRUE,07/23/26 19:48
"Redmi 15C By Xiaomi, 4G, 6.9"", 8GB RAM + 256GB, 6000mAh, Moonlight Blue (25 Months Warranty)",Xiaomi,20840,23000,9.4,4.4,0,https://www.jumia.co.ke/redmi-15c-byxiaomi-4g-6.9-8gb-ram-256gb-6000mah-moonlight-blue-25-months-warranty-327099395.html,TRUE,07/23/26 19:48
"Itel A100C 4G, 6.6"" Display, 2GB RAM + 64GB (Dual SIM), 5000mAh, Black",Itel,9800,11000,10.9,,0,https://www.jumia.co.ke/itel-a100c-4g-6.6-display-2gb-ram-64gb-dual-sim-5000mah-black-327945388.html,TRUE,07/23/26 19:48
"Itel A200, 6.75"", 128GB ROM, 8GB RAM (3GB + 5GB Extension), 13MP Rear Camera + 5MP Front, 5000mAh - ORANGE(1YR WRTY",Itel,13500,15900,15.1,5,0,https://www.jumia.co.ke/itel-a200-6.75-128gb-rom-8gb-ram-3gb-5gb-extension-13mp-rear-camera-5mp-front-5000mah-orange1yr-wrty-328001979.html,TRUE,07/23/26 19:48
Jx  S9700 TRIPLE SIM CARD PHONE 2.8 inch Display 7200mAh Buletooth Vibrator/Wireless FM/ MP3/MP4/Big Torch/ Auto callrecording/Power Bank Cell Feature Phone,Jx,1899,2999,36.7,4.3,0,https://www.jumia.co.ke/jx-s9700-triple-sim-card-phone-2.8-inch-display-7200mah-buletooth-vibratorwireless-fm-mp3mp4big-torch-auto-callrecordingpower-bank-cell-feature-phone-327002538.html,TRUE,07/23/26 19:48
"LESIA L258 2.4"" Dual Sim 1500mah feature phone with Camera",Lesia,899,1414,36.4,5,0,https://www.jumia.co.ke/lesia-l258-2.4-dual-sim-1500mah-feature-phone-with-camera-326954173.html,TRUE,07/23/26 19:48
Samsung Galaxy M23 5G 4GB RAM+128GB ROM (6.6'') 5000mAh 50MP Main Camera Android Smartphone -Orange,Samsung,15299,26800,42.9,4,0,https://www.jumia.co.ke/renewed-samsung-galaxy-m23-5g-4gb-ram128gb-rom-6.6-5000mah-50mp-main-camera-android-smartphone-orange-325553560.html,TRUE,07/23/26 19:48
"LESIA L252 2.4""QVGA Dual Sim 1200mah feature phone with Camera",Lesia,910,1246,27,4,0,https://www.jumia.co.ke/lesia-l252-2.4qvga-dual-sim-1200mah-feature-phone-with-camera-326954160.html,TRUE,07/23/26 19:48
Samsung Galaxy Note 9 ‌initial‌ screen 128GB HDD-6GB RAM 6.4-Inch 12MP + 12MP 4000mAh Smartphone – Midnight Black,Samsung,24699,48240,48.8,2,0,https://www.jumia.co.ke/renewed-samsung-galaxy-note-9-initial-screen-128gb-hdd-6gb-ram-6.4-inch-12mp-12mp-4000mah-smartphone-midnight-black-327670696.html,TRUE,07/23/26 19:48
Mobile Phone Screen Magnifier,Mobile,2800,,0,,0,https://www.jumia.co.ke/generic-mobile-phone-screen-magnifier-327675814.html,TRUE,07/23/26 19:48
"LESIA L252 2.4""QVGA, 1200mAh (Dual SIM) Feature Phone with Camera - Blue (1YR WRTY)",Lesia,910,1246,27,5,0,https://www.jumia.co.ke/lesia-l252-2.4qvga-1200mah-dual-sim-feature-phone-with-camera-blue-1yr-wrty-326954139.html,TRUE,07/23/26 19:48
"LESIA L281 2.8""QVGA Dual Sim 2500mah feature phone with Camera",Lesia,899,1358,33.8,3.7,0,https://www.jumia.co.ke/lesia-l281-2.8qvga-dual-sim-2500mah-feature-phone-with-camera-326953711.html,TRUE,07/23/26 19:48
"Infinix Hot 60i 4G, 6.7"", 6GB RAM + 128GB, 5160mAh (Dual SIM), Sleek Black (2YRs WRTY)",Infinix,16299,25999,37.3,5,0,https://www.jumia.co.ke/hot-60i-4g-6.7-6gb-ram-128gb-5160mah-dual-sim-sleek-black-2yrs-wrty-infinix-mpg10187719.html,TRUE,07/23/26 19:48
SIMI S117 1.77inch Feature Phone Dual SIM Card 2500mAh,Simi,906,1295,30,4,0,https://www.jumia.co.ke/simi-s117-1.77inch-feature-phone-dual-sim-card-2500mah-325418762.html,TRUE,07/23/26 19:48
SIMI S240 Feature Phone 2.4inch Dual SIM Card 2500mAh,Simi,1269,1721,26.3,4.4,0,https://www.jumia.co.ke/simi-s240-feature-phone-2.4inch-dual-sim-card-2500mah-325418761.html,TRUE,07/23/26 19:48
SIMI S127 1.77inch Feature Phone Dual SIM Card 1050mAh-32+32Mbit,Simi,911,1299,29.9,4.1,0,https://www.jumia.co.ke/simi-s127-1.77inch-feature-phone-dual-sim-card-1050mah-3232mbit-325418792.html,TRUE,07/23/26 19:48
"Honor X9d ""6.79"" 12GB RAM +256GB 5G Dual-SIM - Forest Green + Free X7e earpods",Honor,49900,56334,11.4,1,0,https://www.jumia.co.ke/honor-x9d-6.79-12gb-ram-256gb-5g-dual-sim-forest-green-free-x7e-earpods-327507716.html,TRUE,07/23/26 19:48
Honor Play 10 6.74” 3GB RAM + 64GB ROM 4G 5000 mAh Ocean Cyan - Dual Card Sim  (1YR WRTY),Honor,11500,,0,3.5,0,https://www.jumia.co.ke/honor-play-10-6.74-3gb-ram-64gb-rom-4g-5000-mah-ocean-cyan-dual-card-sim-1yr-wrty-326840328.html,TRUE,07/23/26 19:48
"Honor X5c Plus 6.74"" 4GB RAM+128GB 4G 5260 mAh Ocean Cyan - Dual Sim (1YR WRTY)",Honor,14299,15500,7.7,5,0,https://www.jumia.co.ke/honor-x5c-plus-6.74-4gb-ram128gb-4g-5260-mah-ocean-cyan-dual-sim-1yr-wrty-326840889.html,TRUE,07/23/26 19:48
"Infinix Hot 70,X6895B, 6.78"",  128GB + 4GB RAM,6000 mAh, 4G - Dive Blue",Infinix,17440,19000,8.2,,0,https://www.jumia.co.ke/infinix-hot-70x6895b-6.78-128gb-4gb-ram6000-mah-4g-dive-blue-328563163.html,TRUE,07/23/26 19:49
"Samsung A17, 6.7'' HD+, 4GB RAM + 128 GB ROM, DUAL SIM, 50MP, 5000mAh/24 MONTHS WARRANTY- BLACK",Samsung,19877,25500,22.1,3.7,0,https://www.jumia.co.ke/samsung-a17-6.7-hd-4gb-ram-128-gb-rom-dual-sim-50mp-5000mah24-months-warranty-black-326042038.html,TRUE,07/23/26 19:49
"Tecno CAMON 30 Premier 5G, 512GB, 12GB RAM, 6.77"" AMOLED, Dual SIM, 5000mAh - Lava Black",Tecno,34000,104640,67.5,1,0,https://www.jumia.co.ke/tecno-camon-30-premier-5g-512gb-12gb-ram-6.77-amoled-dual-sim-5000mah-lava-black-328046818.html,TRUE,07/23/26 19:49
Tecno Camon 30 Pro 5G 12GB RAM 512GB ROM  Snowy ( Silver),Tecno,30000,102000,70.6,,0,https://www.jumia.co.ke/tecno-camon-30-pro-5g-12gb-ram-512gb-rom-snowy-silver-328685157.html,TRUE,07/23/26 19:49
"Samsung Galaxy A16, 6.7"", 128GB + 4GB RAM (Dual SIM), 5000mAh, Black",Samsung,26380,28000,5.8,,0,https://www.jumia.co.ke/samsung-galaxy-a16-6.7-128gb-4gb-ram-dual-sim-5000mah-black-325579453.html,TRUE,07/23/26 19:49
"Vivo Y31d,  6.75"", 6GB RAM + 256GB (Dual SIM), 7200mAh, 44W Fast Charge, Gold",Vivo,29399,32999,10.9,1,0,https://www.jumia.co.ke/vivo-y31d-6.75-6gb-ram-256gb-dual-sim-7200mah-44w-fast-charge-gold-327050268.html,TRUE,07/23/26 19:49
"Samsung Galaxy A07 4G, 6.7"", 128GB ROM + 4GB RAM (Dual SIM), 5000mAh, Black (2YRs WRTY)",Samsung,15750,19999,21.2,5,0,https://www.jumia.co.ke/samsung-galaxy-a07-4g-6.7-128gb-rom-4gb-ram-dual-sim-5000mah-black-2yrs-wrty-327275679.html,TRUE,07/23/26 19:49
"Reno10 Pro+ 6.6 inch Android Smartphone, 4GB RAM 64GB ROM,Android 10,4G Network Dual SIM, GPS WIFI All-in-One Phone",Reno10,14204,,0,,0,https://www.jumia.co.ke/landvo-reno10-pro-6.6-inch-android-smartphone-4gb-ram-64gb-romandroid-104g-network-dual-sim-gps-wifi-all-in-one-phone-327476521.html,TRUE,07/23/26 19:49
"Infinix Hot 70,X6895B, 6.78"",  128GB + 4GB RAM,6000 mAh, 4G - Silver Dancer",Infinix,17440,19000,8.2,,0,https://www.jumia.co.ke/infinix-hot-70x6895b-6.78-128gb-4gb-ram6000-mah-4g-silver-dancer-328563004.html,TRUE,07/23/26 19:49
"Infinix Smart 20, 6.67"", 4GB RAM + 64GB (Dual SIM), 5200 mAh, 4G - Black (1YR WRTY) COMES WITH FREE GIFTS+12 MONTHS FREE WARRANTY",Infinix,13450,18000,25.3,,0,https://www.jumia.co.ke/infinix-smart-20-6.67-4gb-ram-64gb-dual-sim-5200-mah-4g-black-1yr-wrty-comes-with-free-gifts12-months-free-warranty-327806963.html,TRUE,07/23/26 19:49
"LESIA L258 2.4"" Dual Sim 1500mah feature phone with Camera",Lesia,899,1414,36.4,,0,https://www.jumia.co.ke/lesia-l258-2.4-dual-sim-1500mah-feature-phone-with-camera-326633769.html,TRUE,07/23/26 19:49
Honor X6c 6.74” 6GB RAM+256GB 4G 5300 mAh Midnight Black- Dual Sim (1YR WRTY),Honor,21991,,0,,0,https://www.jumia.co.ke/honor-x6c-6.74-6gb-ram256gb-4g-5300-mah-midnight-black-dual-sim-1yr-wrty-326874978.html,TRUE,07/23/26 19:49
SIMI S126+ 1.77inch Feature Phone Dual SIM Card 1050mAh,Simi,831,1459,43,,0,https://www.jumia.co.ke/simi-s126-1.77inch-feature-phone-dual-sim-card-1050mah-326809319.html,TRUE,07/23/26 19:49
"XIAOMI Redmi Note 15 Pro, 6.77"", 8GB RAM + 256GB (Dual SIM), 6500mAh, Black (25 Months Warranty) + Free Buds 6 Play",Xiaomi,38680,40999,5.7,4.4,0,https://www.jumia.co.ke/xiaomi-redmi-note-15-pro-6.77-8gb-ram-256gb-dual-sim-6500mah-black-25-months-warranty-free-buds-6-play-326638116.html,TRUE,07/23/26 19:49
"Huawei Psmart+2019 Refurbished 6.2 Inches FHD+  256GB, 3400 mAh.",Huawei,12864,15977,19.5,1,0,https://www.jumia.co.ke/renewed-huawei-psmart2019-refurbished-6.2-inches-fhd-256gb-3400-mah.-326033655.html,TRUE,07/23/26 19:49
"Samsung A37 5G, 6.7-Inch SUPER AMOLED, 8GB RAM + 256GB, 5000mAh - Lavender",Samsung,52690,55000,4.2,,0,https://www.jumia.co.ke/samsung-a37-5g-6.7-inch-super-amoled-8gb-ram-256gb-5000mah-lavender-328004279.html,TRUE,07/23/26 19:49
"XIAOMI Redmi A7 Pro, 6.9"", 128GB + 4GB RAM (Dual Sim), 6000mAh - Blue",Xiaomi,14850,16000,7.2,,0,https://www.jumia.co.ke/xiaomi-redmi-a7-pro-6.9-128gb-4gb-ram-dual-sim-6000mah-blue-327531880.html,TRUE,07/23/26 19:49
"Honor X9d ""6.79"" 12GB RAM +256GB 5G Dual-SIM - Midnight Black + Free X7e earpods",Honor,54644,56334,3,,0,https://www.jumia.co.ke/honor-x9d-6.79-12gb-ram-256gb-5g-dual-sim-midnight-black-free-x7e-earpods-327511100.html,TRUE,07/23/26 19:49
"Vivo Y05, 6500mAh, 4GB+64GB, 15W Fast Charge, 6.74"" HD+ 120Hz, Fingerprint, Dual SIM – Black",Vivo,15999,17599,9.1,,0,https://www.jumia.co.ke/vivo-y05-6500mah-4gb64gb-15w-fast-charge-6.74-hd-120hz-fingerprint-dual-sim-black-327782427.html,TRUE,07/23/26 19:49
"Fahion Big price cuts,Unlock the future with this popular S24 Ultra Support 4G Network 2G 16GB smartphone! Big screen + big memory",Fahion,17001,22600,24.8,2,0,https://www.jumia.co.ke/fahion-big-price-cutsunlock-the-future-with-this-popular-s24-ultra-support-4g-network-2g-16gb-smartphone-big-screen-big-memory-325248075.html,TRUE,07/23/26 19:49
"Tecno POP 20, 6.75'', 64GB +4GB RAM (Dual SIM), 5000MAh, 4G - Black (1YR WRTY).",Tecno,13299,24899,46.6,,0,https://www.jumia.co.ke/tecno-pop-20-6.75-64gb-4gb-ram-dual-sim-5000mah-4g-black-1yr-wrty.-328592572.html,TRUE,07/23/26 19:49
"Redmi A7 By Xiaomi - 6.88"" 64GB + 3GB RAM 50MP 5200mAh (Dual Sim) on screen fingerprint (2 Years Warranty) BLACK",Xiaomi,12299,15999,23.1,5,0,https://www.jumia.co.ke/redmi-a7-by-xiaomi-6.88-64gb-3gb-ram-50mp-5200mah-dual-sim-on-screen-fingerprint-2-years-warranty-black-327543062.html,TRUE,07/23/26 19:49
"Samsung Galaxy M23 5G, 6.6"", 4GB RAM + 128GB (Single SIM Card + Single Memory Card Slot ), 5000mAh, 50MP Main Camera - Deep Green",Samsung,15099,26800,43.7,2.7,0,https://www.jumia.co.ke/renewed-samsung-galaxy-m23-5g-6.6-4gb-ram-128gb-single-sim-card-single-memory-card-slot-5000mah-50mp-main-camera-deep-green-325565354.html,TRUE,07/23/26 19:49
"XIAOMI POCO C71,  6.88"", 64GB + 3GB RAM (Dual SIM), 5200mAh, 4G - Black (25 Months Warranty)",Xiaomi,11999,17000,29.4,,0,https://www.jumia.co.ke/xiaomi-poco-c71-6.88-64gb-3gb-ram-dual-sim-5200mah-4g-black-25-months-warranty-325759002.html,TRUE,07/23/26 19:49
"Reno10 Pro+ 6.6 inch Android Smartphone,4+64GB,Android 10,4G Network Dual SIM, GPS WIFI All-in-One Phone",Reno10,14204,,0,,0,https://www.jumia.co.ke/landvo-reno10-pro-6.6-inch-android-smartphone464gbandroid-104g-network-dual-sim-gps-wifi-all-in-one-phone-327499810.html,TRUE,07/23/26 19:49
"Samsung Galaxy A17 5G, 6.7"", 4GB RAM + 128GB, 5000mAh, Black",Samsung,30870,38000,18.8,,0,https://www.jumia.co.ke/samsung-galaxy-a17-5g-6.7-4gb-ram-128gb-5000mah-black-327444807.html,TRUE,07/23/26 19:49
"Samsung Galaxy A57 5G, 6.7"", 8GB+ 128GB (Dual SIM), 5000mAh, Awesome Navy",Samsung,56995,58000,1.7,,0,https://www.jumia.co.ke/samsung-galaxy-a57-5g-6.7-8gb-128gb-dual-sim-5000mah-awesome-navy-328004212.html,TRUE,07/23/26 19:49
"Vivo V70, 6.8"", 12GB RAM + 512GB (Dual SIM), 6500mAh, 90W Fast Charge, Grey",Vivo,82449,93499,11.8,5,0,https://www.jumia.co.ke/vivo-v70-6.8-12gb-ram-512gb-dual-sim-6500mah-90w-fast-charge-grey-327710867.html,TRUE,07/23/26 19:49
13 128GB - White  RENEWEDA,13,39000,69000,43.5,,0,https://www.jumia.co.ke/renewed-13-128gb-white-reneweda-328018193.html,TRUE,07/23/26 19:49
"Infinix Hot 70,X6895B, 6.78 inches, 120Hz Display, 128GB ROM + 4GB RAM,50 MP Main Camera,6000 mAh Type C Fast Charging, PLUS FREE GIFTS.",Infinix,17999,26999,33.3,,0,https://www.jumia.co.ke/infinix-hot-70x6895b-6.78-inches-120hz-display-128gb-rom-4gb-ram50-mp-main-camera6000-mah-type-c-fast-charging-plus-free-gifts.-328012262.html,TRUE,07/23/26 19:49
"Itel Flip 1 Folding Phone - 2.4"" - 1200mAh (Dual SIM), Wireless FM, Black//TT",Itel,2900,3000,3.3,3.3,0,https://www.jumia.co.ke/itel-flip-1-folding-phone-2.4-1200mah-dual-sim-wireless-fm-blacktt-314924139.html,TRUE,07/23/26 19:49
SIMI S136 1.77inch Feature Phone Dual SIM Card 1050mAh,Simi,817,1400,41.6,5,0,https://www.jumia.co.ke/simi-s136-1.77inch-feature-phone-dual-sim-card-1050mah-326809356.html,TRUE,07/23/26 19:49
"Koruima  K1707  Feature Phones 1.77"" 1000mAh LED Torch Dual Sim Wireless FM Radio Button Phones Black",Koruima,953,5293,82,3,0,https://www.jumia.co.ke/koruima-k1707-feature-phones-1.77-1000mah-led-torch-dual-sim-wireless-fm-radio-button-phones-black-325538433.html,TRUE,07/23/26 19:49
"Samsung Galaxy A07 4G, 6.7"", 128GB + 4GB RAM (Dual SIM), 5000mAh, Black",Samsung,21040,24000,12.3,,0,https://www.jumia.co.ke/samsung-galaxy-a07-4g-6.7-128gb-4gb-ram-dual-sim-5000mah-black-327032867.html,TRUE,07/23/26 19:49
"S26 Ultra S18-S 6.6 inch Android Smartphone built in pen, 4+64GB,incell Screen,4G Network Dual SIM, GPS WIFI All-in-One Phone",S26,16080,,0,,0,https://www.jumia.co.ke/landvo-s26-ultra-s18-s-6.6-inch-android-smartphone-built-in-pen-464gbincell-screen4g-network-dual-sim-gps-wifi-all-in-one-phone-327623906.html,TRUE,07/23/26 19:49
Honor X6c 6.74” 6GB RAM+256GB 4G 5300 mAh - Ocean Cyan- Dual Sim (1 YR WRTY),Honor,21991,,0,5,0,https://www.jumia.co.ke/honor-x6c-6.74-6gb-ram256gb-4g-5300-mah-ocean-cyan-dual-sim-1-yr-wrty-327010535.html,TRUE,07/23/26 19:49
"VILLAON Brand New V50s 4G Smartphone - 6.52"" Display, 4GB RAM, 64GB Storage, Black",Villaon,9000,13100,31.3,,0,https://www.jumia.co.ke/villaon-brand-new-v50s-4g-smartphone-6.52-display-4gb-ram-64gb-storage-black-327982291.html,TRUE,07/23/26 19:49
"Corn  100 Max 6.67"", 64GB ROM, 5(2+3)GB RAM, 5000mAh (Dual SIM), Green (1YR WRTY)",Corn,7999,12999,38.5,,0,https://www.jumia.co.ke/corn-100-max-6.67-64gb-rom-523gb-ram-5000mah-dual-sim-green-1yr-wrty-326002019.html,TRUE,07/23/26 19:49
"Infinix Hot 70 Pro ,6.78"",  256GB + 8GB RAM,6000 mAh, 4G - Night Pulse",Infinix,36990,38000,2.7,,0,https://www.jumia.co.ke/infinix-hot-70-pro-6.78-256gb-8gb-ram6000-mah-4g-night-pulse-328563376.html,TRUE,07/23/26 19:49
Honor X6c 6.74” 6GB RAM+128GB 4G 5300 mAh Midnight Black - Dual Sim (1YR WRTY),Honor,20501,,0,,0,https://www.jumia.co.ke/honor-x6c-6.74-6gb-ram128gb-4g-5300-mah-midnight-black-dual-sim-1yr-wrty-326841046.html,TRUE,07/23/26 19:49
"LESIA L281 2.8""QVGA Dual Sim 2500mah feature phone with Camera",Lesia,899,1358,33.8,5,0,https://www.jumia.co.ke/lesia-l281-2.8qvga-dual-sim-2500mah-feature-phone-with-camera-326946403.html,TRUE,07/23/26 19:49
"A56 6.7 inch Smartphone, 4+64GB,Android 14,4G Network Dual SIM, GPS WIFI All-in-One Phone",A56,17554,,0,,0,https://www.jumia.co.ke/landvo-a56-6.7-inch-smartphone-464gbandroid-144g-network-dual-sim-gps-wifi-all-in-one-phone-327476241.html,TRUE,07/23/26 19:49
"Infinix Hot 70,X6895B, 6.78"",  256GB + 6GB RAM,6000 mAh, 4G - Silver Dancer",Infinix,25490,27000,5.6,,0,https://www.jumia.co.ke/infinix-hot-70x6895b-6.78-256gb-6gb-ram6000-mah-4g-silver-dancer-328563252.html,TRUE,07/23/26 19:49
"11 Pro+ 6.9 inch Android Smartphone, 4GB RAM 64GB ROM,4G Network Dual SIM, GPS WIFI All-in-One Phone",11,14070,,0,1,0,https://www.jumia.co.ke/landvo-11-pro-6.9-inch-android-smartphone-4gb-ram-64gb-rom4g-network-dual-sim-gps-wifi-all-in-one-phone-327499803.html,TRUE,07/23/26 19:49
"Nokia C32, 6.2"", 64GB + 4GB RAM (Dual SIM), 5050MAh, Charcoal Grey (1YR WRTY)",Nokia,17999,,0,4,0,https://www.jumia.co.ke/nokia-c32-6.2-64gb-4gb-ram-dual-sim-5050mah-charcoal-grey-1yr-wrty-150536966.html,TRUE,07/23/26 19:49
"Samsung  GALAXY A16, 6.7'' HD+, 4GB RAM + 128GB ROM, DUAL SIM, 50MP, 5000mAh",Samsung,17088,24999,31.6,3.7,0,https://www.jumia.co.ke/samsung-galaxy-a16-6.7-hd-4gb-ram-128gb-rom-dual-sim-50mp-5000mah-326948243.html,TRUE,07/23/26 19:49
"Safaricom Neon Smarta 2, 5"", 32GB + 2GB RAM (Dual SIM), 3300mAh, Black",Safaricom,2970,3999,25.7,,0,https://www.jumia.co.ke/safaricom-neon-smarta-2-5-32gb-2gb-ram-dual-sim-3300mah-black-328694722.html,TRUE,07/23/26 19:50
"Samsung Galaxy A14 64GB 128GB Android Phones Refurbished storage 201g, 9.1mm 6.6 inches PLS LCD(Green)",Samsung,20502,40066,48.8,5,0,https://www.jumia.co.ke/samsung-galaxy-a14-6gb-128gb-storage-201g-9.1mm-6.6-inches-pls-lcd-i-moma-mpg9604855.html,TRUE,07/23/26 19:50
"XIAOMI  A7 PRO By Xiaomi, 4GB RAM + 64GB, 50MP, 6.9"", 6000mAh, Dual Sim, (12 MONTHS WARRANTY) - BLUE",Xiaomi,12579,19999,37.1,4,0,https://www.jumia.co.ke/xiaomi-a7-pro-by-xiaomi-4gb-ram-64gb-50mp-6.9-6000mah-dual-sim-12-months-warranty-blue-327634064.html,TRUE,07/23/26 19:50
"Vivo Y05, 6500mAh, 4GB+64GB, 15W Fast Charge, 6.74"" HD+ 120Hz, Fingerprint, Dual SIM – Platinum",Vivo,15999,17599,9.1,,0,https://www.jumia.co.ke/vivo-y05-6500mah-4gb64gb-15w-fast-charge-6.74-hd-120hz-fingerprint-dual-sim-platinum-327782251.html,TRUE,07/23/26 19:50
"Vivo Y04, 5500mAh, 4GB RAM + 64GB, 15W Fast Charge, 6.74"", Dual SIM - Gold",Vivo,13999,15399,9.1,5,0,https://www.jumia.co.ke/vivo-y04-5500mah-4gb-ram-64gb-15w-fast-charge-6.74-dual-sim-gold-326812005.html,TRUE,07/23/26 19:50
"Corn C17 Max, 6.67'', 64GB Storage + 5GB (2+3)GB Extended RAM, 5000mAh - White (1YR WRTY).",Corn,7699,14999,48.7,5,0,https://www.jumia.co.ke/corn-c17-max-6.67-64gb-storage-5gb-23gb-extended-ram-5000mah-white-1yr-wrty.-326002027.html,TRUE,07/23/26 19:50
"Samsung Galaxy A05, 6.7"", 64GB + 4GB RAM (Dual SIM), 5000mAh, Black",Samsung,14656,16000,8.4,,0,https://www.jumia.co.ke/samsung-galaxy-a05-6.7-64gb-4gb-ram-dual-sim-5000mah-black-325564503.html,TRUE,07/23/26 19:50
SIMI S124 1.77inch Feature Phone Dual SIM Card 1050mAh 32+32Mbit,Simi,906,1648,45,5,0,https://www.jumia.co.ke/simi-s124-1.77inch-feature-phone-dual-sim-card-1050mah-3232mbit-325418830.html,TRUE,07/23/26 19:50
"Huawei Psmart+2019 Refurbished 6.2 Inches FHD+  256GB, 3400mAh..",Huawei,12864,15986,19.5,,0,https://www.jumia.co.ke/renewed-huawei-psmart2019-refurbished-6.2-inches-fhd-256gb-3400mah..-326034114.html,TRUE,07/23/26 19:50
"Vivo V70, 6.8"", 12GB RAM + 512GB (Dual SIM), 6500mAh, 90W Fast Charge, Black",Vivo,82449,93499,11.8,,0,https://www.jumia.co.ke/vivo-v70-6.8-12gb-ram-512gb-dual-sim-6500mah-90w-fast-charge-black-327321954.html,TRUE,07/23/26 19:50
"Nokia 5310 2.4inch,1200mAh,Dual Sim-Black (1YR WRTY)",Nokia,1998,5999,66.7,,0,https://www.jumia.co.ke/nokia-5310-2.4inch1200mahdual-sim-black-1yr-wrty-328522550.html,TRUE,07/23/26 19:50
"LESIA L281 2.8""QVGA, 2500mAh (Dual SIM) Feature Phone with Camera - Black (1YR WRTY)",Lesia,899,1358,33.8,2.5,0,https://www.jumia.co.ke/lesia-l281-2.8qvga-2500mah-dual-sim-feature-phone-with-camera-black-1yr-wrty-326633768.html,TRUE,07/23/26 19:50
"Samsung Galaxy A06, 6.7"", 64GB + 4GB RAM (Dual SIM), 5000mAh, Black",Samsung,16725,20000,16.4,,0,https://www.jumia.co.ke/samsung-galaxy-a06-6.7-64gb-4gb-ram-dual-sim-5000mah-black-325579051.html,TRUE,07/23/26 19:50
"Oppo A6 4G, 6.75"", 6GB RAM(12GB RAM Expansion)+256GB ROM,45W Flash Charge,7000mA,(Dual Sim) Sapphire Blue (2YRs WRTY)",Oppo,32999,,0,,0,https://www.jumia.co.ke/oppo-a6-4g-6.75-6gb-ram12gb-ram-expansion256gb-rom45w-flash-charge7000madual-sim-sapphire-blue-2yrs-wrty-327544109.html,TRUE,07/23/26 19:50
OUKITEL C57 Pro Smartphone 6.52-Inch HD Display 4GB RAM 128GB ROM 13MP Camera 4300mAh GPS Android 14 Cellphone,Itel,11390,12529,9.1,2.7,0,https://www.jumia.co.ke/oukitel-c57-pro-smartphone-6.52-inch-hd-display-4gb-ram-128gb-rom-13mp-camera-4300mah-gps-android-14-cellphone-319467001.html,TRUE,07/23/26 19:50
"XIAOMI A7 By  6.88"" 64GB ROM + 3GB RAM 50MP 5200mAh (Dual Sim) on screen fingerprint (2 Years Warranty) BLACK",Xiaomi,11999,20999,42.9,,0,https://www.jumia.co.ke/xiaomi-a7-by-6.88-64gb-rom-3gb-ram-50mp-5200mah-dual-sim-on-screen-fingerprint-2-years-warranty-black-327634080.html,TRUE,07/23/26 19:50
"S25 Ultra 6.8 inch Android Smartphone, 2+16GB,4G Network Dual SIM, GPS WIFI All-in-One Phone",S25,10988,,0,,0,https://www.jumia.co.ke/landvo-s25-ultra-6.8-inch-android-smartphone-216gb4g-network-dual-sim-gps-wifi-all-in-one-phone-327499718.html,TRUE,07/23/26 19:50
"Itel 8010, 2.0"" Inch LCD Display, 4G LTE, Basic Keypad Phone, King Talker, Wireless FM Radio, 128MB ROM + 16MB RAM, 2.0, 1000 MAh, Super Bright Torch - Black",Itel,1300,2200,40.9,,0,https://www.jumia.co.ke/itel-8010-2.0-inch-lcd-display-4g-lte-basic-keypad-phone-king-talker-wireless-fm-radio-128mb-rom-16mb-ram-2.0-1000-mah-super-bright-torch-black-328005937.html,TRUE,07/23/26 19:50
"Samsung Galaxy A26 5G, 6.7'' 8GB RAM + 256GB ROM, 50MP",Samsung,30639,38999,21.4,5,0,https://www.jumia.co.ke/samsung-galaxy-a26-5g-6.7-8gb-ram-256gb-rom-50mp-326302028.html,TRUE,07/23/26 19:50
"Samsung Galaxy A07 4G, 6.7"", 64GB + 4GB RAM (Dual SIM), 5000mAh, Black",Samsung,19315,24000,19.5,,0,https://www.jumia.co.ke/samsung-galaxy-a07-4g-6.7-64gb-4gb-ram-dual-sim-5000mah-black-327032866.html,TRUE,07/23/26 19:50
"Itel A06, 6.6"" HD+, 64GB + 2GB RAM (Dual SIM) - Black",Itel,8720,10000,12.8,,0,https://www.jumia.co.ke/itel-a06-6.6-hd-64gb-2gb-ram-dual-sim-black-327945393.html,TRUE,07/23/26 19:50
Honor X6c 6.74” 6GB RAM+128GB 4G 5300 mAh Ocean Cyan- Dual Sim (1YR WRTY),Honor,20501,,0,,0,https://www.jumia.co.ke/honor-x6c-6.74-6gb-ram128gb-4g-5300-mah-ocean-cyan-dual-sim-1yr-wrty-326874930.html,TRUE,07/23/26 19:50
"Vivo V60 5G - 6.77"", 12GB RAM + 256GB (Dual SIM), 6500mAh - Gold",Vivo,62719,70399,10.9,5,0,https://www.jumia.co.ke/vivo-v60-5g-6.77-12gb-ram-256gb-dual-sim-6500mah-gold-326141269.html,TRUE,07/23/26 19:50
"Honor Magic V5 7.95"" 16GB RAM+512GB (Dual Sim) 5820mAh-Dawn Gold (1 year Warranty)",Honor,178800,199998,10.6,,0,https://www.jumia.co.ke/honor-magic-v5-7.95-16gb-ram512gb-dual-sim-5820mah-dawn-gold-1-year-warranty-327104771.html,TRUE,07/23/26 19:50
100% Test AAA For Lenovo K13 K13Note K13Pro LCD Display Touch Screen Digitizerembly For Lenovo K13 Note K13 Pro,100%,6390,11017,42,,0,https://www.jumia.co.ke/generic-100-test-aaa-for-lenovo-k13-k13note-k13pro-lcd-display-touch-screen-digitizerembly-for-lenovo-k13-note-k13-pro-76736777.html,TRUE,07/23/26 19:50
Jx TRIPLE SIM CARD PHONE 2.8 inch Display 7200mAh Buletooth Vibrator/Wireless FM/ MP3/MP4/Big Torch/ Auto callrecording/Power Bank Cell Feature Phone,Jx,1990,2999,33.6,4,0,https://www.jumia.co.ke/jx-triple-sim-card-phone-2.8-inch-display-7200mah-buletooth-vibratorwireless-fm-mp3mp4big-torch-auto-callrecordingpower-bank-cell-feature-phone-327028253.html,TRUE,07/23/26 19:50
"Itel City 200 4G, 6.78"", 4GB RAM + 128GB, 5200mAh - Silver (1YR WRTY)",Itel,15700,17000,7.6,,0,https://www.jumia.co.ke/itel-city-200-4g-6.78-4gb-ram-128gb-5200mah-silver-1yr-wrty-327945395.html,TRUE,07/23/26 19:50
"I16Pro Max 4GB+128GB Android Smartphone, 6.28inch FHD Super-V Display HD Screen,Android 11.0,4G Network Dual SIM,GPS WIFI All-in-One Phone",I16Pro,18492,,0,,0,https://www.jumia.co.ke/landvo-i16pro-max-4gb128gb-android-smartphone-6.28inch-fhd-super-v-display-hd-screenandroid-11.04g-network-dual-simgps-wifi-all-in-one-phone-327624696.html,TRUE,07/23/26 19:50
3pcs 2 In 1 For Samsung Galaxy S10 Plus S10 S9 Plus S8 Plus Note 9 Note 8 Lcd Display Front Screen Touch With Oca Replacement,Samsung,5760,9792,41.2,,0,https://www.jumia.co.ke/generic-3pcs-2-in-1-for-samsung-galaxy-s10-plus-s10-s9-plus-s8-plus-note-9-note-8-lcd-display-front-screen-touch-with-oca-replacement-198239611.html,TRUE,07/23/26 19:50
"Oppo A6 4G, 6.75"", 8GB RAM(16GB RAM Expansion)+256GB ROM,45W Flash Charge,7000mA,(Dual Sim) Sapphire Blue (2YRs WRTY)",Oppo,35999,,0,,0,https://www.jumia.co.ke/oppo-a6-4g-6.75-8gb-ram16gb-ram-expansion256gb-rom45w-flash-charge7000madual-sim-sapphire-blue-2yrs-wrty-327544178.html,TRUE,07/23/26 19:50
Honor Play 10 6.74” 3GB RAM + 64GB 4G 5000 mAh Starry Purple - Dual Card Sim  (1YR WRTY),Honor,10299,11500,10.4,,0,https://www.jumia.co.ke/honor-play-10-6.74-3gb-ram-64gb-4g-5000-mah-starry-purple-dual-card-sim-1yr-wrty-326840464.html,TRUE,07/23/26 19:50
"Honor Magic V5 7.95"" 16GB RAM+512GB (Dual Sim) 5820mAh- White (1 year Warranty)",Honor,184300,194300,5.1,,0,https://www.jumia.co.ke/honor-magic-v5-7.95-16gb-ram512gb-dual-sim-5820mah-white-1-year-warranty-328045606.html,TRUE,07/23/26 19:50
"Infinix Hot 70,X6895B, 6.78"",  128GB + 4GB RAM,6000 mAh, 4G - Night Pulse",Infinix,17199,100000,82.8,,0,https://www.jumia.co.ke/infinix-hot-70x6895b-6.78-128gb-4gb-ram6000-mah-4g-night-pulse-328611992.html,TRUE,07/23/26 19:50
"Itel City 200 4G, 6.78"", 4GB RAM + 128GB, 5200mAh - Black (1YR WRTY)",Itel,15700,17000,7.6,,0,https://www.jumia.co.ke/itel-city-200-4g-6.78-4gb-ram-128gb-5200mah-black-1yr-wrty-327945397.html,TRUE,07/23/26 19:50
"Infinix Hot 70, 6.78 inches, 120Hz Display, 256GB ROM + 6GB RAM,50 MP Main Camera,6000 mAh,+12 MONTHS WARRANTY +FREE GIFTS",Infinix,26399,29000,9,,0,https://www.jumia.co.ke/infinix-hot-70-6.78-inches-120hz-display-256gb-rom-6gb-ram50-mp-main-camera6000-mah12-months-warranty-free-gifts-328446421.html,TRUE,07/23/26 19:50
Black 6.1 Inch For Huawei Y6 2019 Y6 Prime 2019,Black,5155,7090,27.3,,0,https://www.jumia.co.ke/generic-black-6.1-inch-for-huawei-y6-2019-y6-prime-2019-327993316.html,TRUE,07/23/26 19:50
"M7 Plus 6.51 inch Android Smartphone, 4GB+128GB,HD Screen,Android 11.0,4G Network Dual SIM, GPS WIFI All-in-One Phone",M7,18760,,0,,0,https://www.jumia.co.ke/landvo-m7-plus-6.51-inch-android-smartphone-4gb128gbhd-screenandroid-11.04g-network-dual-sim-gps-wifi-all-in-one-phone-327624734.html,TRUE,07/23/26 19:50
Infinix NOTE 50 PRO DISPLAY 6.78 8GB RAM UPTO 16GB RAM+ 256 GB ROM DUAL SIM,Infinix,39399,48999,19.6,,0,https://www.jumia.co.ke/infinix-note-50-pro-display-6.78-8gb-ram-upto-16gb-ram-256-gb-rom-dual-sim-327067422.html,TRUE,07/23/26 19:50
"Infinix Hot 70,X6895B, 6.78"",  128GB + 4GB RAM,6000 mAh, 4G - Dive Blue",Infinix,17199,100000,82.8,,0,https://www.jumia.co.ke/infinix-hot-70x6895b-6.78-128gb-4gb-ram6000-mah-4g-dive-blue-328608182.html,TRUE,07/23/26 19:50
"Corn  100 Max 6.67"", 64GB ROM, 5(2+3)GB RAM, 5000mAh (Dual SIM), Black (1YR WRTY)",Corn,7999,14999,46.7,4.8,0,https://www.jumia.co.ke/corn-100-max-6.67-64gb-rom-523gb-ram-5000mah-dual-sim-black-1yr-wrty-326046166.html,TRUE,07/23/26 19:50
"XIAOMI  REDMI A7Pro 64GB Storage+4GB RAM, 50mp Camera ,6.9"" 6000mAh,dual sim on screen fingerprint-1 year",Xiaomi,14200,17999,21.1,,0,https://www.jumia.co.ke/xiaomi-redmi-a7pro-64gb-storage4gb-ram-50mp-camera-6.9-6000mahdual-sim-on-screen-fingerprint-1-year-327847198.html,TRUE,07/23/26 19:50
"Infinix Hot 70 Pro ,6.78"",  256GB + 8GB RAM,6000 mAh, 4G - Thermo Orange",Infinix,36499,100000,63.5,,0,https://www.jumia.co.ke/infinix-hot-70-pro-6.78-256gb-8gb-ram6000-mah-4g-thermo-orange-328608181.html,TRUE,07/23/26 19:50
"Infinix Hot 70, 6.78 inches, 120Hz Display, 256GB ROM + 6GB RAM,50 MP Main Camera,6000 mAh ,_ BLUE",Infinix,25899,45000,42.4,,0,https://www.jumia.co.ke/hot-70-6.78-inches-120hz-display-256gb-rom-6gb-ram50-mp-main-camera6000-mah-blue-infinix-mpg10405894.html,TRUE,07/23/26 19:50
"Infinix Hot 70 Pro ,6.78"",  256GB + 8GB RAM,6000 mAh, 4G - Silk Glow Purple",Infinix,36499,100000,63.5,,0,https://www.jumia.co.ke/infinix-hot-70-pro-6.78-256gb-8gb-ram6000-mah-4g-silk-glow-purple-328608183.html,TRUE,07/23/26 19:50
Latest New M830 Multifunctionalsmart Lcd Screen Tester True Tone Repair For Iphone5-13 Touch Test-choose model 1pc,Latest,499,800,37.6,,0,https://www.jumia.co.ke/generic-latest-new-m830-multifunctionalsmart-lcd-screen-tester-true-tone-repair-for-iphone5-13-touch-test-choose-model-1pc-325616317.html,TRUE,07/23/26 19:50
"Infinix Hot 70,X6895B, 6.78"",  128GB + 4GB RAM,6000 mAh, 4G - Silver Dancer",Infinix,17199,100000,82.8,,0,https://www.jumia.co.ke/infinix-hot-70x6895b-6.78-128gb-4gb-ram6000-mah-4g-silver-dancer-328608186.html,TRUE,07/23/26 19:51
"XIAOMI Redmi A7, 5.45"", 64GB + 3GB RAM (Dual Sim), 4000mAh - Blue",Xiaomi,12290,14000,12.2,,0,https://www.jumia.co.ke/xiaomi-redmi-a7-5.45-64gb-3gb-ram-dual-sim-4000mah-blue-327531879.html,TRUE,07/23/26 19:51
"I16Plus 6.6 inch Android 12 Smartphone, 4+64GB,4200mAh,4G Network Dual SIM, GPS WIFI All-in-One Phone",I16Plus,14204,,0,,0,https://www.jumia.co.ke/landvo-i16plus-6.6-inch-android-12-smartphone-464gb4200mah4g-network-dual-sim-gps-wifi-all-in-one-phone-327616700.html,TRUE,07/23/26 19:51
Nokia 106,Nokia,1499,1500,0.1,,0,https://www.jumia.co.ke/nokia-106-327928903.html,TRUE,07/23/26 19:51
"Infinix Hot 70, 6.78 inches, 120Hz Display, 256GB ROM + 6GB RAM,50 MP Main Camera,6000 mAh,+12 MONTHS WARRANTY + FREE GIVE AWAYS",Infinix,26599,40000,33.5,,0,https://www.jumia.co.ke/hot-70-6.78-inches-120hz-display-256gb-rom-8gb-ram50-mp-main-camera6000-mah12-months-warranty-free-give-aways-infinix-mpg10495609.html,TRUE,07/23/26 19:51
"Corn  C17 Max, 6.67'', 64GB Storage + 5GB (2+3)GB Extended RAM, 5000mAh - Blue (1YR WRTY).",Corn,7699,14999,48.7,,0,https://www.jumia.co.ke/corn-c17-max-6.67-64gb-storage-5gb-23gb-extended-ram-5000mah-blue-1yr-wrty.-326002040.html,TRUE,07/23/26 19:51
"Infinix Hot 70,X6895B, 6.78"",  256GB + 6GB RAM,6000 mAh, 4G - Silver Dancer",Infinix,25199,100000,74.8,,0,https://www.jumia.co.ke/infinix-hot-70x6895b-6.78-256gb-6gb-ram6000-mah-4g-silver-dancer-328608206.html,TRUE,07/23/26 19:51
"Infinix Hot 70,X6895B, 6.78"",  256GB + 6GB RAM,6000 mAh, 4G - Night Pulse",Infinix,25199,100000,74.8,,0,https://www.jumia.co.ke/infinix-hot-70x6895b-6.78-256gb-6gb-ram6000-mah-4g-night-pulse-328608176.html,TRUE,07/23/26 19:51
"I16Plus 6.6 inch Android 12 Smartphone, 3+64GB,4200mAh,4G Network Dual SIM, GPS WIFI All-in-One Phone",I16Plus,14204,,0,,0,https://www.jumia.co.ke/landvo-i16plus-6.6-inch-android-12-smartphone-364gb4200mah4g-network-dual-sim-gps-wifi-all-in-one-phone-327476089.html,TRUE,07/23/26 19:51
For Umi Umidigi A7/A7 Pro/A9 Pro Touch Screen Panel Front GlPanel (No Touch Screen) Mobile Phone Repair Parts Tools 3m,Unknown,3890,6706,42,,0,https://www.jumia.co.ke/generic-for-umi-umidigi-a7a7-proa9-pro-touch-screen-panel-front-glpanel-no-touch-screen-mobile-phone-repair-parts-tools-3m-75639685.html,TRUE,07/23/26 19:51
"5.99""Touchscreen For Xiaomi Mi 6X Mi6X Mi A2 MiA2 Touch Screen Front Panel GlLens LCD Outer GlFor M1804D2S\\SC\\SE",Xiaomi,250,,0,,0,https://www.jumia.co.ke/generic-5.99touchscreen-for-xiaomi-mi-6x-mi6x-mi-a2-mia2-touch-screen-front-panel-gllens-lcd-outer-glfor-m1804d2sscse-109221303.html,TRUE,07/23/26 19:51
Touch Screen Glass For GIONEE A1 Lite E8 F100 F103B F105,Touch,1159,1656,30,,0,https://www.jumia.co.ke/generic-touch-screen-glass-for-gionee-a1-lite-e8-f100-f103b-f105-326034517.html,TRUE,07/23/26 19:51
"Itel 8010, 2.0"" Inch LCD Display, 4G LTE, Basic Keypad Phone, King Talker, Wireless FM Radio, 128MB ROM + 16MB RAM, 2.0, 1000 MAh, Super Bright Torch - Black",Itel,1250,3000,58.3,,0,https://www.jumia.co.ke/itel-8010-2.0-inch-lcd-display-4g-lte-basic-keypad-phone-king-talker-wireless-fm-radio-128mb-rom-16mb-ram-2.0-1000-mah-super-bright-torch-black-328064704.html,TRUE,07/23/26 19:51
"Samsung GALAXY A17, 6.7'' HD+, 4GB RAM + 128 GB ROM, DUAL SIM, 50MP, 5000mAh/24 MONTHS WARRANTY - BLACK",Samsung,29999,,0,,0,https://www.jumia.co.ke/galaxy-a17-6.7-hd-4gb-ram-128-gb-rom-dual-sim-50mp-5000mah24-months-warranty-black-samsung-mpg10267416.html,TRUE,07/23/26 19:51
"XIAOMI Redmi A7 Pro, 6.9"", 64GB + 4GB RAM (Dual Sim), 6000mAh - Black",Xiaomi,13500,15000,10,,0,https://www.jumia.co.ke/xiaomi-redmi-a7-pro-6.9-64gb-4gb-ram-dual-sim-6000mah-black-328787567.html,TRUE,07/23/26 19:51
"XIAOMI Redmi A7, 5.45"", 64GB + 3GB RAM (Dual Sim), 4000mAh - Black",Xiaomi,12290,14000,12.2,,0,https://www.jumia.co.ke/xiaomi-redmi-a7-5.45-64gb-3gb-ram-dual-sim-4000mah-black-328787564.html,TRUE,07/23/26 19:51
"Safaricom Neon Smarta 2, 5"", 32GB + 2GB RAM (Dual SIM), 3300mAh, Black",Safaricom,2950,13400,78,4,0,https://www.jumia.co.ke/safaricom-neon-smarta-2-5-32gb-2gb-ram-dual-sim-3300mah-black-326117242.html,TRUE,07/23/26 19:51
"Safaricom NEON SMARTA 2,5"" INCHES DISPLAY,(2GB RAM +32GB ROM)DUAL SIM,3300MAH",Safaricom,2999,7999,62.5,4,0,https://www.jumia.co.ke/safaricom-neon-smarta-25-inches-display2gb-ram-32gb-romdual-sim3300mah-326939430.html,TRUE,07/23/26 19:51
"Samsung Galaxy A16, 6.7"", 4GB RAM + 128GB (Dual SIM), 5000mAh + Free Gifts - Grey",Samsung,17990,25000,28,4.2,0,https://www.jumia.co.ke/samsung-galaxy-a16-6.7-4gb-ram-128gb-dual-sim-5000mah-free-gifts-grey-299889178.html,TRUE,07/23/26 19:51
Nokia 105 Original Phone 800 mAh Dual SIM Cards Unlocked Cheap Durable Brand New Phone Classic Feature phone kabambe/ Featured phone katululu with gift,Nokia,1170,2999,61,4.1,0,https://www.jumia.co.ke/nokia-105-original-phone-800-mah-dual-sim-cards-unlocked-cheap-durable-brand-new-phone-classic-feature-phone-kabambe-featured-phone-katululu-with-gift-327756431.html,TRUE,07/23/26 19:51
"Samsung  Galaxy A16, 4GB RAM + 128GB ROM  6.7"", Android 14,5000mAh - Light Gray",Samsung,17099,39999,57.3,4.2,0,https://www.jumia.co.ke/samsung-galaxy-a16-4gb-ram-128gb-rom-6.7-android-145000mah-light-gray-296934715.html,TRUE,07/23/26 19:51
"Safaricom Neon Smarta 2, IPS LCD Display, 5"", 32GB ROM + 2GB RAM (Dual SIM), 3300mAh - Black + LED Watcg",Safaricom,3250,4999,35,4,0,https://www.jumia.co.ke/safaricom-neon-smarta-2-ips-lcd-display-5-32gb-rom-2gb-ram-dual-sim-3300mah-black-led-watcg-326704616.html,TRUE,07/23/26 19:51
"Samsung  Galaxy A16, 6.7"", 128GB + 4GB RAM (Dual SIM), 5000mAh, (Black)+ free gifts",Samsung,17399,25000,30.4,4,0,https://www.jumia.co.ke/samsung-galaxy-a16-6.7-128gb-4gb-ram-dual-sim-5000mah-black-free-gifts-325377699.html,TRUE,07/23/26 19:51
"Samsung A16, 6.7"", 128GB + 4GB RAM (Dual SIM), 5000mAh, Black (2YRs WRTY)",Samsung,16999,22500,24.4,4,0,https://www.jumia.co.ke/samsung-a16-6.7-128gb-4gb-ram-dual-sim-5000mah-black-2yrs-wrty-326039487.html,TRUE,07/23/26 19:51
"Safaricom Neon Smarta 2, IPS LCD DISPLAY, 5"" Inches, 32GB ROM + 2GB RAM (Dual SIM), 3300mAh-1 YEAR WARRANTY - BLACK",Safaricom,3190,5000,36.2,3.8,0,https://www.jumia.co.ke/safaricom-neon-smarta-2-ips-lcd-display-5-inches-32gb-rom-2gb-ram-dual-sim-3300mah-1-year-warranty-black-327468686.html,TRUE,07/23/26 19:51
"Safaricom Neon Smarta 2, 5"", 32GB + 2GB RAM (Dual SIM), 3300mAh, Black",Safaricom,3499,10000,65,3.8,0,https://www.jumia.co.ke/safaricom-neon-smarta-2-5-32gb-2gb-ram-dual-sim-3300mah-black-283997475.html,TRUE,07/23/26 19:51
"Redmi 15C By Xiaomi, 6.88"", 8GB RAM + 256GB ROM, Android 15 Dual SIM +  WW BN, BLACK",Xiaomi,19999,30000,33.3,3.9,0,https://www.jumia.co.ke/redmi-15c-byxiaomi6.88-8gb-ram-256gb-rom-android-15-dual-sim-ww-bn-black-275368047.html,TRUE,07/23/26 19:51
"Samsung Galaxy A16, 6.7"", 4GB RAM + 128GB (Dual SIM), 5000mAh, Black+FreeGifts",Samsung,17799,19999,11,3.9,0,https://www.jumia.co.ke/samsung-galaxy-a16-6.7-4gb-ram-128gb-dual-sim-5000mah-blackfreegifts-327649387.html,TRUE,07/23/26 19:51
"Safaricom  Neon Smarta 2, IPS LCD DISPLAY, 5"" Inches, 32GB STORAGE+ 2GB RAM (Dual SIM ), 3300mAh L-+GIFTS.",Safaricom,3690,5000,26.2,3.6,0,https://www.jumia.co.ke/safaricom-neon-smarta-2-ips-lcd-display-5-inches-32gb-storage-2gb-ram-dual-sim-3300mah-l-gifts.-327369984.html,TRUE,07/23/26 19:51
