Product Name,Brand,Price (KSh),Original Price (KSh),Discount %,High Discount Flag,Rating,Rating Category,Value Score,Price Category,Storage (GB),RAM (GB),Battery (mAh),Camera (MP),Product URL,Scraped Date
"Tecno POP 20 4G, 6.75'', 128GB +4GB RAM (Dual SIM), 5000MAh - Black .",Tecno,13990,15000,6.7,FALSE,5,Excellent,0.357,Entry (5k-15k),N/A,4,5000,N/A,https://www.jumia.co.ke/tecno-pop-20-4g-6.75-128gb-4gb-ram-dual-sim-5000mah-black-1yr-wrty.-327543910.html,07/23/26 19:47
"Itel A200, 6.75"", 128GB ROM, 8GB RAM (3GB + 5GB Extension), 13MP Rear Camera + 5MP Front, 5000mAh...",Itel,13500,15900,15.1,FALSE,5,Excellent,0.37,Entry (5k-15k),128,8,5000,13,https://www.jumia.co.ke/itel-a200-6.75-128gb-rom-8gb-ram-3gb-5gb-extension-13mp-rear-camera-5mp-front-5000mah-orange1yr-wrty-328001979.html,07/23/26 19:48
"Nokia C1 2nd Edition, 5.45"" - 16GB + 1GB (Dual Sim) 2500 mAh, 5MP, Blue - Clearance Sale!!",Nokia,4999,8799,43.2,FALSE,5,Excellent,1,Budget (<5k),N/A,N/A,2500,5,https://www.jumia.co.ke/nokia-c1-2nd-edition-5.45-16gb-1gb-dual-sim-2500-mah-5mp-blue-clearance-sale-327671364.html,07/23/26 19:47
"LESIA L258 2.4"" Dual Sim 1500mah feature phone with Camera",Lesia,899,1414,36.4,FALSE,5,Excellent,5.562,Budget (<5k),N/A,N/A,1500,N/A,https://www.jumia.co.ke/lesia-l258-2.4-dual-sim-1500mah-feature-phone-with-camera-326954173.html,07/23/26 19:48
"Vivo V70, 6.8"", 12GB RAM + 512GB (Dual SIM), 6500mAh, 90W Fast Charge, Grey",Vivo,82449,93499,11.8,FALSE,5,Excellent,0.061,Luxury (>50k),N/A,12,6500,N/A,https://www.jumia.co.ke/vivo-v70-6.8-12gb-ram-512gb-dual-sim-6500mah-90w-fast-charge-grey-327710867.html,07/23/26 19:49
"LESIA L281 2.8""QVGA Dual Sim 2500mah feature phone with Camera",Lesia,899,1358,33.8,FALSE,5,Excellent,5.562,Budget (<5k),N/A,N/A,2500,N/A,https://www.jumia.co.ke/lesia-l281-2.8qvga-dual-sim-2500mah-feature-phone-with-camera-326946403.html,07/23/26 19:49
Honor X6c 6.74” 6GB RAM+256GB 4G 5300 mAh - Ocean Cyan- Dual Sim,Honor,21991,,0,FALSE,5,Excellent,0.227,Mid-Range (15k-30k),N/A,6,5300,N/A,https://www.jumia.co.ke/honor-x6c-6.74-6gb-ram256gb-4g-5300-mah-ocean-cyan-dual-sim-1-yr-wrty-327010535.html,07/23/26 19:49
"Vivo Y04, 5500mAh, 4GB RAM + 64GB, 15W Fast Charge, 6.74"", Dual SIM - Gold",Vivo,13999,15399,9.1,FALSE,5,Excellent,0.357,Entry (5k-15k),N/A,4,5500,N/A,https://www.jumia.co.ke/vivo-y04-5500mah-4gb-ram-64gb-15w-fast-charge-6.74-dual-sim-gold-326812005.html,07/23/26 19:50
"Samsung Galaxy A26 5G, 6.7'' 8GB RAM + 256GB ROM, 50MP",Samsung,30639,38999,21.4,FALSE,5,Excellent,0.163,Premium (30k-50k),256,8,N/A,50,https://www.jumia.co.ke/samsung-galaxy-a26-5g-6.7-8gb-ram-256gb-rom-50mp-326302028.html,07/23/26 19:50
"Vivo V60 5G - 6.77"", 12GB RAM + 256GB (Dual SIM), 6500mAh - Gold",Vivo,62719,70399,10.9,FALSE,5,Excellent,0.08,Luxury (>50k),N/A,12,6500,N/A,https://www.jumia.co.ke/vivo-v60-5g-6.77-12gb-ram-256gb-dual-sim-6500mah-gold-326141269.html,07/23/26 19:50
"Corn C17 Max, 6.67'', 64GB Storage + 5GB (2+3)GB Extended RAM, 5000mAh - White .",Corn,7699,14999,48.7,FALSE,5,Excellent,0.649,Entry (5k-15k),64,N/A,5000,N/A,https://www.jumia.co.ke/corn-c17-max-6.67-64gb-storage-5gb-23gb-extended-ram-5000mah-white-1yr-wrty.-326002027.html,07/23/26 19:50
"Samsung Galaxy A07 4G, 6.7"", 128GB ROM + 4GB RAM (Dual SIM), 5000mAh, Black",Samsung,15750,19999,21.2,FALSE,5,Excellent,0.317,Mid-Range (15k-30k),128,4,5000,N/A,https://www.jumia.co.ke/samsung-galaxy-a07-4g-6.7-128gb-rom-4gb-ram-dual-sim-5000mah-black-2yrs-wrty-327275679.html,07/23/26 19:49
"LESIA L252 2.4""QVGA, 1200mAh (Dual SIM) Feature Phone with Camera - Blue",Lesia,910,1246,27,FALSE,5,Excellent,5.495,Budget (<5k),N/A,N/A,1200,N/A,https://www.jumia.co.ke/lesia-l252-2.4qvga-1200mah-dual-sim-feature-phone-with-camera-blue-1yr-wrty-326954139.html,07/23/26 19:48
"Infinix Hot 60i 4G, 6.7"", 6GB RAM + 128GB, 5160mAh (Dual SIM), Sleek Black",Infinix,16299,25999,37.3,FALSE,5,Excellent,0.307,Mid-Range (15k-30k),N/A,6,5160,N/A,https://www.jumia.co.ke/hot-60i-4g-6.7-6gb-ram-128gb-5160mah-dual-sim-sleek-black-2yrs-wrty-infinix-mpg10187719.html,07/23/26 19:48
"Honor X5c Plus 6.74"" 4GB RAM+128GB 4G 5260 mAh Ocean Cyan - Dual Sim",Honor,14299,15500,7.7,FALSE,5,Excellent,0.35,Entry (5k-15k),N/A,4,5260,N/A,https://www.jumia.co.ke/honor-x5c-plus-6.74-4gb-ram128gb-4g-5260-mah-ocean-cyan-dual-sim-1yr-wrty-326840889.html,07/23/26 19:48
"LESIA L282 2.8""QVGA Dual Sim 1400mah feature phone with Camera",Lesia,899,1526,41.1,FALSE,5,Excellent,5.562,Budget (<5k),N/A,N/A,1400,N/A,https://www.jumia.co.ke/lesia-l282-2.8qvga-dual-sim-1400mah-feature-phone-with-camera-326935340.html,07/23/26 19:48
"Corn 100 Max 6.67"", 64GB ROM, 5(2+3)GB RAM, 5000mAh (Dual SIM), Green",Corn,7999,12999,38.5,FALSE,4.9,Excellent,0.613,Entry (5k-15k),64,N/A,5000,N/A,https://www.jumia.co.ke/corn-100-max-6.67-64gb-rom-523gb-ram-5000mah-dual-sim-green-1yr-wrty-326002019.html,07/23/26 19:49
"Corn C17 Max, 6.67'', 64GB Storage + 5GB (2+3)GB Extended RAM, 5000mAh - Blue .",Corn,7699,14999,48.7,FALSE,4.9,Excellent,0.636,Entry (5k-15k),64,N/A,5000,N/A,https://www.jumia.co.ke/corn-c17-max-6.67-64gb-storage-5gb-23gb-extended-ram-5000mah-blue-1yr-wrty.-326002040.html,07/23/26 19:51
"Samsung A17, 5G 6.7'' HD+, 8GB RAM + 256 GB ROM, DUAL SIM, 50MP, 5000mAh",Samsung,24599,39999,38.5,FALSE,4.8,Excellent,0.195,Mid-Range (15k-30k),256,8,5000,50,https://www.jumia.co.ke/samsung-a17-5g-6.7-hd-8gb-ram-256-gb-rom-dual-sim-50mp-5000mah-326115038.html,07/23/26 19:47
"Tecno Spark 50 4G, 6.78'', 128GB + 4GB RAM, 6700mAh (Dual SIM), Grey",Tecno,16570,18000,7.9,FALSE,4.8,Excellent,0.29,Mid-Range (15k-30k),N/A,4,6700,N/A,https://www.jumia.co.ke/tecno-spark-50-4g-6.78-128gb-4gb-ram-6700mah-dual-sim-grey-328026396.html,07/23/26 19:47
"XIAOMI Redmi A7 Pro, 6.9"", 64GB + 4GB RAM (Dual Sim), 6000mAh - Black",Xiaomi,13500,15000,10,FALSE,4.8,Excellent,0.356,Entry (5k-15k),N/A,4,6000,N/A,https://www.jumia.co.ke/xiaomi-redmi-a7-pro-6.9-64gb-4gb-ram-dual-sim-6000mah-black-327531874.html,07/23/26 19:47
"Itel A200, 6.75"", 64GB + 3GB RAM (Dual SIM), 5000mAh - Blue",Itel,10760,12000,10.3,FALSE,4.8,Excellent,0.446,Entry (5k-15k),N/A,3,5000,N/A,https://www.jumia.co.ke/itel-a200-6.75-64gb-3gb-ram-dual-sim-5000mah-blue-1yr-wrty-327920406.html,07/23/26 19:47
"Corn 100 Max 6.67"", 64GB ROM, 5(2+3)GB RAM, 5000mAh (Dual SIM), Black",Corn,7999,14999,46.7,FALSE,4.8,Excellent,0.6,Entry (5k-15k),64,N/A,5000,N/A,https://www.jumia.co.ke/corn-100-max-6.67-64gb-rom-523gb-ram-5000mah-dual-sim-black-1yr-wrty-326046166.html,07/23/26 19:50
Honor Play 10 6.74” 3GB RAM + 64GB 4G 5000 mAh Midnight Black - Dual Card Sim,Honor,11500,,0,FALSE,4.8,Excellent,0.417,Entry (5k-15k),N/A,3,5000,N/A,https://www.jumia.co.ke/honor-play-10-6.74-3gb-ram-64gb-4g-5000-mah-midnight-black-dual-card-sim-1yr-wrty-326846533.html,07/23/26 19:47
"Oppo A6 Pro 4G, 6.57"", 8GB RAM + 256GB ROM, IP69, 80W Flash Charge, 7000mA, (Dual Sim) Stellar Blue",Oppo,40999,45999,10.9,FALSE,4.8,Excellent,0.117,Premium (30k-50k),256,8,N/A,N/A,https://www.jumia.co.ke/oppo-a6-pro-4g-6.57-8gb-ram-256gb-rom-ip6980w-flash-charge7000madual-sim-stellar-blue-2yrs-wrty-325911441.html,07/23/26 19:47
"Samsung GALAXY A17, 6.7'' HD+, 6GB RAM + 128GB ROM, DUAL SIM, 50MP, 5000mAh/ WARRANTY+AWESOME",Samsung,22350,35000,36.1,FALSE,4.7,Excellent,0.21,Mid-Range (15k-30k),128,6,5000,50,https://www.jumia.co.ke/samsung-galaxy-a17-6.7-hd-6gb-ram-128gb-rom-dual-sim-50mp-5000mah24-months-warrantyawesome-gifts-for-you.-325919901.html,07/23/26 19:47
"Infinix Smart 20, 6.78"", 128GB + 4GB RAM, 5200mAh (Dual SIM) - Black",Infinix,14650,15000,2.3,FALSE,4.7,Excellent,0.321,Entry (5k-15k),N/A,4,5200,N/A,https://www.jumia.co.ke/infinix-smart-20-6.78-128gb-4gb-ram-5200mah-dual-sim-black-1yr-wrty-327608245.html,07/23/26 19:47
"Redmi Note 15, 6.77"", 8GB RAM + 256GB, 6000mAh, Black",Xiaomi,30680,34999,12.3,FALSE,4.7,Excellent,0.153,Premium (30k-50k),N/A,8,6000,N/A,https://www.jumia.co.ke/redmi-note-15-by-xiaomi-6.77-8gb-ram-256gb-6000mah-black-25-months-warranty-326642290.html,07/23/26 19:47
"Honor X5c Plus 6.74"" 4GB RAM+128GB 4G 5260 mAh Midnight Black - Dual Sim",Honor,15500,,0,FALSE,4.6,Excellent,0.297,Mid-Range (15k-30k),N/A,4,5260,N/A,https://www.jumia.co.ke/honor-x5c-plus-6.74-4gb-ram128gb-4g-5260-mah-midnight-black-dual-sim-1yr-wrty-326840829.html,07/23/26 19:47
Nokia 106,Nokia,1499,1500,0.1,FALSE,4.5,Excellent,3.002,Budget (<5k),N/A,N/A,N/A,N/A,https://www.jumia.co.ke/nokia-106-327928903.html,07/23/26 19:51
"Samsung Galaxy A06, 6.7"", 64GB + 4GB RAM (Dual SIM), 5000mAh, Black",Samsung,10900,12600,13.5,FALSE,4.5,Excellent,0.413,Entry (5k-15k),N/A,4,5000,N/A,https://www.jumia.co.ke/samsung-galaxy-a06-6.7-64gb-4gb-ram-dual-sim-5000mah-black2yrs-wrty-313825652.html,07/23/26 19:47
"Infinix Smart 20, 6.78"", 4GB RAM + 64GB (Dual SIM), 5200Ah, 5200Ah, Shadow Black",Infinix,12800,14000,8.6,FALSE,4.5,Excellent,0.352,Entry (5k-15k),N/A,4,N/A,N/A,https://www.jumia.co.ke/infinix-smart-20-6.78-4gb-ram-64gb-dual-sim-5200ah-5200ah-shadow-black-327867020.html,07/23/26 19:47
"Samsung A06, 6.7"", 4GB RAM+ 64GB (Dual SIM), 5000mAh, Blue .",Samsung,11295,12600,10.4,FALSE,4.5,Excellent,0.398,Entry (5k-15k),N/A,4,5000,N/A,https://www.jumia.co.ke/samsung-a06-6.7-4gb-ram-64gb-dual-sim-5000mah-blue-2yr-wrty.-327817370.html,07/23/26 19:47
"Poco C85, 6.9"", 256GB + 8GB RAM (Dual SIM), 6000mAh, 4G - Black",Xiaomi,20640,22000,6.2,FALSE,4.5,Excellent,0.218,Mid-Range (15k-30k),N/A,8,6000,N/A,https://www.jumia.co.ke/poco-c85-6.9-256gb-8gb-ram-dual-sim-6000mah-4g-black-25-months-warranty-325669322.html,07/23/26 19:48
"Nokia 5310 2.4inch, 1200mAh, Dual Sim-Black",Nokia,1998,5999,66.7,FALSE,4.5,Excellent,2.252,Budget (<5k),N/A,N/A,1200,N/A,https://www.jumia.co.ke/nokia-5310-2.4inch1200mahdual-sim-black-1yr-wrty-328522550.html,07/23/26 19:50
"Oppo A5, 4G, 6.67"", 6GB RAM +128GB ROM, 45W SUPERVOOC, IP65, 6000mAh (Dual Sim)",Oppo,22256,25999,14.4,FALSE,4.5,Excellent,0.202,Mid-Range (15k-30k),128,6,6000,N/A,https://www.jumia.co.ke/oppo-a54g6.67-6gb-ram-128gb-rom-45w-supervoocip656000mah-dual-sim-318568506.html,07/23/26 19:48
"Infinix Hot 70 Pro, 6.78"", 256GB + 8GB RAM, 6000 mAh, 4G - Thermo Orange",Infinix,36499,100000,63.5,FALSE,4.44,Good,0.122,Premium (30k-50k),N/A,8,6000,N/A,https://www.jumia.co.ke/infinix-hot-70-pro-6.78-256gb-8gb-ram6000-mah-4g-thermo-orange-328608181.html,07/23/26 19:50
"Infinix Hot 70 Pro, 6.78"", 256GB + 8GB RAM, 6000 mAh, 4G - Silk Glow Purple",Infinix,36499,100000,63.5,FALSE,4.44,Good,0.122,Premium (30k-50k),N/A,8,6000,N/A,https://www.jumia.co.ke/infinix-hot-70-pro-6.78-256gb-8gb-ram6000-mah-4g-silk-glow-purple-328608183.html,07/23/26 19:50
"Infinix Hot 70, X6895B, 6.78"", 128GB + 4GB RAM, 6000 mAh, 4G - Silver Dancer",Infinix,17199,100000,80,TRUE,4.44,Good,0.258,Mid-Range (15k-30k),N/A,4,6000,N/A,https://www.jumia.co.ke/infinix-hot-70x6895b-6.78-128gb-4gb-ram6000-mah-4g-silver-dancer-328608186.html,07/23/26 19:51
"Infinix Hot 70, X6895B, 6.78"", 256GB + 6GB RAM, 6000 mAh, 4G - Night Pulse",Infinix,25199,100000,74.8,TRUE,4.44,Good,0.176,Mid-Range (15k-30k),N/A,6,6000,N/A,https://www.jumia.co.ke/infinix-hot-70x6895b-6.78-256gb-6gb-ram6000-mah-4g-night-pulse-328608176.html,07/23/26 19:51
"Infinix Hot 70, X6895B, 6.78"", 256GB + 6GB RAM, 6000 mAh, 4G - Silver Dancer",Infinix,25199,100000,74.8,TRUE,4.44,Good,0.176,Mid-Range (15k-30k),N/A,6,6000,N/A,https://www.jumia.co.ke/infinix-hot-70x6895b-6.78-256gb-6gb-ram6000-mah-4g-silver-dancer-328608206.html,07/23/26 19:51
"Infinix Hot 70, X6895B, 6.78"", 128GB + 4GB RAM, 6000 mAh, 4G - Night Pulse",Infinix,17199,100000,80,TRUE,4.44,Good,0.258,Mid-Range (15k-30k),N/A,4,6000,N/A,https://www.jumia.co.ke/infinix-hot-70x6895b-6.78-128gb-4gb-ram6000-mah-4g-night-pulse-328611992.html,07/23/26 19:50
"Infinix Hot 70, X6895B, 6.78"", 128GB + 4GB RAM, 6000 mAh, 4G - Dive Blue",Infinix,17440,19000,8.2,FALSE,4.44,Good,0.255,Mid-Range (15k-30k),N/A,4,6000,N/A,https://www.jumia.co.ke/infinix-hot-70x6895b-6.78-128gb-4gb-ram6000-mah-4g-dive-blue-328563163.html,07/23/26 19:49
"Infinix Hot 70, X6895B, 6.78"", 128GB + 4GB RAM, 6000 mAh, 4G - Silver Dancer",Infinix,17440,19000,8.2,FALSE,4.44,Good,0.255,Mid-Range (15k-30k),N/A,4,6000,N/A,https://www.jumia.co.ke/infinix-hot-70x6895b-6.78-128gb-4gb-ram6000-mah-4g-silver-dancer-328563004.html,07/23/26 19:49
"Infinix Smart 20, 6.67"", 4GB RAM + 64GB (Dual SIM), 5200 mAh, 4G - Black COMES WITH",Infinix,13450,18000,25.3,FALSE,4.44,Good,0.33,Entry (5k-15k),N/A,4,5200,N/A,https://www.jumia.co.ke/infinix-smart-20-6.67-4gb-ram-64gb-dual-sim-5200-mah-4g-black-1yr-wrty-comes-with-free-gifts12-months-free-warranty-327806963.html,07/23/26 19:49
"Infinix Hot 70, X6895B, 6.78"", 128GB + 4GB RAM, 6000 mAh, 4G - Dive Blue",Infinix,17199,100000,80,TRUE,4.44,Good,0.258,Mid-Range (15k-30k),N/A,4,6000,N/A,https://www.jumia.co.ke/infinix-hot-70x6895b-6.78-128gb-4gb-ram6000-mah-4g-dive-blue-328608182.html,07/23/26 19:50
"Infinix Hot 70, X6895B, 6.78"", 256GB + 6GB RAM, 6000 mAh, 4G - Silver Dancer",Infinix,25490,27000,5.6,FALSE,4.44,Good,0.174,Mid-Range (15k-30k),N/A,6,6000,N/A,https://www.jumia.co.ke/infinix-hot-70x6895b-6.78-256gb-6gb-ram6000-mah-4g-silver-dancer-328563252.html,07/23/26 19:49
"Infinix Hot 70 Pro, 6.78"", 256GB + 8GB RAM, 6000 mAh, 4G - Night Pulse",Infinix,36990,38000,2.7,FALSE,4.44,Good,0.12,Premium (30k-50k),N/A,8,6000,N/A,https://www.jumia.co.ke/infinix-hot-70-pro-6.78-256gb-8gb-ram6000-mah-4g-night-pulse-328563376.html,07/23/26 19:49
"XIAOMI Redmi A5, 6.88"", 3GB + 64GB, 5200mAh, DUAL SIM, 4G - Ocean Blue",Xiaomi,10600,13000,18.5,FALSE,4.4,Good,0.415,Entry (5k-15k),N/A,N/A,5200,N/A,https://www.jumia.co.ke/xiaomi-redmi-a5-6.88-3gb-64gb-5200mah-dual-sim-4g-ocean-blue-314319001.html,07/23/26 19:47
"XIAOMI Redmi Note 15 Pro, 6.77"", 8GB RAM + 256GB (Dual SIM), 6500mAh, Black",Xiaomi,38680,40999,5.7,FALSE,4.4,Good,0.114,Premium (30k-50k),N/A,8,6500,N/A,https://www.jumia.co.ke/xiaomi-redmi-note-15-pro-6.77-8gb-ram-256gb-dual-sim-6500mah-black-25-months-warranty-free-buds-6-play-326638116.html,07/23/26 19:49
"Redmi 15C, 4G, 6.9"", 8GB RAM + 256GB, 6000mAh, Moonlight Blue",Xiaomi,20840,23000,9.4,FALSE,4.4,Good,0.211,Mid-Range (15k-30k),N/A,8,6000,N/A,https://www.jumia.co.ke/redmi-15c-byxiaomi-4g-6.9-8gb-ram-256gb-6000mah-moonlight-blue-25-months-warranty-327099395.html,07/23/26 19:48
"XIAOMI Redmi A7, 5.45"", 64GB + 3GB RAM (Dual Sim), 4000mAh - Black",Xiaomi,12290,15000,18.1,FALSE,4.4,Good,0.358,Entry (5k-15k),N/A,3,4000,N/A,https://www.jumia.co.ke/xiaomi-redmi-a7-5.45-64gb-3gb-ram-dual-sim-4000mah-black-327531872.html,07/23/26 19:47
"Redmi 15C, 6.9"", 4GB RAM + 128GB (Dual SIM), 6000mAh, Green",Xiaomi,14699,16500,10.9,FALSE,4.4,Good,0.299,Entry (5k-15k),N/A,4,6000,N/A,https://www.jumia.co.ke/redmi-15c-byxiaomi-6.9-4gb-ram-128gb-dual-sim-6000mah-green-25-months-warranty-328081985.html,07/23/26 19:47
"Itel City 200 4G, 6.78"", 4GB RAM + 128GB, 5200mAh - Black",Itel,15700,17000,7.6,FALSE,4.366666667,Good,0.278,Mid-Range (15k-30k),N/A,4,5200,N/A,https://www.jumia.co.ke/itel-city-200-4g-6.78-4gb-ram-128gb-5200mah-black-1yr-wrty-327945397.html,07/23/26 19:50
"Itel City 200 4G, 6.78"", 4GB RAM + 128GB, 5200mAh - Silver",Itel,15700,17000,7.6,FALSE,4.366666667,Good,0.278,Mid-Range (15k-30k),N/A,4,5200,N/A,https://www.jumia.co.ke/itel-city-200-4g-6.78-4gb-ram-128gb-5200mah-silver-1yr-wrty-327945395.html,07/23/26 19:50
"Itel A06, 6.6"" HD+, 64GB + 2GB RAM (Dual SIM) - Black",Itel,8720,10000,12.8,FALSE,4.366666667,Good,0.501,Entry (5k-15k),N/A,2,N/A,N/A,https://www.jumia.co.ke/itel-a06-6.6-hd-64gb-2gb-ram-dual-sim-black-327945393.html,07/23/26 19:50
"Poco C85, 6.9"", 128GB + 6GB RAM (Dual SIM), 6000mAh, 4G - Black",Xiaomi,16800,18000,6.7,FALSE,4.3,Good,0.256,Mid-Range (15k-30k),N/A,6,6000,N/A,https://www.jumia.co.ke/poco-c85-6.9-128gb-6gb-ram-dual-sim-6000mah-4g-black25-months-warranty-325670986.html,07/23/26 19:47
"Tecno Spark 50 4G, 6.78'', 128GB + 4GB RAM (+8GB Extended), 7000mAh (Dual SIM)- Black",Tecno,16570,18000,7.9,FALSE,4.3,Good,0.26,Mid-Range (15k-30k),N/A,4,7000,N/A,https://www.jumia.co.ke/tecno-spark-50-4g-6.78-128gb-4gb-ram-8gb-extended-7000mah-dual-sim-black-327639441.html,07/23/26 19:47
"Samsung Galaxy A26 5G, 6.7'' 8GB RAM + 256GB ROM, 50MP",Samsung,32899,59569,44.8,FALSE,4.3,Good,0.131,Premium (30k-50k),256,8,N/A,50,https://www.jumia.co.ke/samsung-galaxy-a26-5g-6.7-8gb-ram-256gb-rom-50mp-free-gifts-325561238.html,07/23/26 19:47
"LESIA L287 2.8"" Trip Sim 2500mah feature phone with Camera",Lesia,899,1246,27.8,FALSE,4.3,Good,4.783,Budget (<5k),N/A,N/A,2500,N/A,https://www.jumia.co.ke/lesia-l287-2.8-trip-sim-2500mah-feature-phone-with-camera-326946396.html,07/23/26 19:48
"Oppo A6x, 6.75"" 4GB RAM+256GB ROM, Snapdragon® 685 4G, 120Hz, 6500mAh (Dual Sim) Ice Blue",Oppo,20447,21999,7.1,FALSE,4.3,Good,0.21,Mid-Range (15k-30k),256,4,6500,N/A,https://www.jumia.co.ke/oppo-a6x6.75-4gb-ram256gb-rom-snapdragonr-685-4g120hz-6500mah-dual-sim-ice-blue-2yrs-wrty-326546575.html,07/23/26 19:48
"XIAOMI Redmi Note 15, 6.8"", 6GB RAM + 128GB, 6000mAh, Black",Xiaomi,27110,30000,9.6,FALSE,4.3,Good,0.159,Mid-Range (15k-30k),N/A,6,6000,N/A,https://www.jumia.co.ke/xiaomi-redmi-note-15-6.8-6gb-ram-128gb-6000mah-black-25-months-warranty-327051273.html,07/23/26 19:47
"Redmi 15C, 4G, 6.9"", 8GB RAM + 256GB, 6000mAh, Black",Xiaomi,20840,23000,9.4,FALSE,4.3,Good,0.206,Mid-Range (15k-30k),N/A,8,6000,N/A,https://www.jumia.co.ke/redmi-15c-byxiaomi-4g-6.9-8gb-ram-256gb-6000mah-black-25-months-warranty-327673478.html,07/23/26 19:47
"XIAOMI Xiaomi Redmi Note 15 Pro - 6.83"" AMOLED, 256GB, 8GB RAM, 4G, 50MP Camera",Xiaomi,33850,50000,32.3,FALSE,4.3,Good,0.127,Premium (30k-50k),N/A,8,N/A,50,https://www.jumia.co.ke/xiaomi-redmi-note-15-pro-6.83-amoled-256gb-8gb-ram-5g-50mp-camera-xiaomi-mpg10320557.html,07/23/26 19:47
"Redmi 15C, 6.9"", Up to 4GB + 4GB Extended RAM + 128GB Storage, 6000mAh (Dual Sim) 1 Year warranty",Xiaomi,15545,31999,51.4,FALSE,4.3,Good,0.277,Mid-Range (15k-30k),128,N/A,6000,N/A,https://www.jumia.co.ke/redmi-15c-byxiaomi-6.9-up-to-4gb-4gb-extended-ram-128gb-storage-6000mah-dual-sim-1-year-warranty-325508457.html,07/23/26 19:47
"Redmi A7 PRO, 4GB RAM + 64GB, 50MP, 6.9"", 6000mAh, Dual Sim, - BLUE",Xiaomi,12399,15099,17.9,FALSE,4.3,Good,0.347,Entry (5k-15k),N/A,4,6000,50,https://www.jumia.co.ke/redmi-a7-pro-by-xiaomi-4gb-ram-64gb-50mp-6.9-6000mah-dual-sim-12-months-warranty-blue-327543048.html,07/23/26 19:47
"LESIA L253 2.4"" Dual Sim 3000mah feature phone with Camera",Lesia,910,1191,23.6,FALSE,4.3,Good,4.725,Budget (<5k),N/A,N/A,3000,N/A,https://www.jumia.co.ke/lesia-l253-2.4-dual-sim-3000mah-feature-phone-with-camera-326633767.html,07/23/26 19:48
"Samsung Galaxy A56 5G, 6.7"", 128GB + 8GB RAM (Dual SIM), 5000mAh, Awesome Graphite",Samsung,52500,53600,2.1,FALSE,4.3,Good,0.082,Luxury (>50k),N/A,8,5000,N/A,https://www.jumia.co.ke/galaxy-a56-5g-6.7-128gb-8gb-ram-dual-sim-5000mah-awesomegraphite-samsung-mpg8632758.html,07/23/26 19:47
"XIAOMI Redmi A5 4G, 6.88"", 3GB RAM + 64GB, 5200mAh, Dual SIM - Green",Xiaomi,10600,13000,18.5,FALSE,4.3,Good,0.406,Entry (5k-15k),N/A,3,5200,N/A,https://www.jumia.co.ke/xiaomi-redmi-a5-4g-6.88-3gb-ram-64gb-5200mah-dual-sim-green-328084295.html,07/23/26 19:47
"LESIA L258 2.4"" Dual Sim 1500mah feature phone with Camera",Lesia,899,1414,36.4,FALSE,4.246153846,Good,4.723,Budget (<5k),N/A,N/A,1500,N/A,https://www.jumia.co.ke/lesia-l258-2.4-dual-sim-1500mah-feature-phone-with-camera-326633769.html,07/23/26 19:49
"Redmi 15C, 6.9"", 4GB RAM + 128GB (Dual SIM), 6000mAh, Black",Xiaomi,14699,16800,12.5,FALSE,4.2,Good,0.286,Entry (5k-15k),N/A,4,6000,N/A,https://www.jumia.co.ke/redmi-15c-byxiaomi-6.9-4gb-ram-128gb-dual-sim-6000mah-black-25-months-warranty-325490535.html,07/23/26 19:47
"Samsung Galaxy A16, 6.7"", 4GB RAM + 128GB (Dual SIM), 5000mAh",Samsung,17990,25000,28,FALSE,4.2,Good,0.233,Mid-Range (15k-30k),N/A,4,5000,N/A,https://www.jumia.co.ke/samsung-galaxy-a16-6.7-4gb-ram-128gb-dual-sim-5000mah-free-gifts-grey-299889178.html,07/23/26 19:51
"Samsung Galaxy A16, 4GB RAM + 128GB ROM 6.7"", Android 14, 5000mAh - Light Gray",Samsung,17099,39999,57.3,FALSE,4.2,Good,0.246,Mid-Range (15k-30k),128,4,5000,N/A,https://www.jumia.co.ke/samsung-galaxy-a16-4gb-ram-128gb-rom-6.7-android-145000mah-light-gray-296934715.html,07/23/26 19:51
"XIAOMI Redmi A7, 5.45"", 64GB + 3GB RAM (Dual Sim), 4000mAh - Black",Xiaomi,12290,14000,12.2,FALSE,4.183333333,Good,0.34,Entry (5k-15k),N/A,3,4000,N/A,https://www.jumia.co.ke/xiaomi-redmi-a7-5.45-64gb-3gb-ram-dual-sim-4000mah-black-328787564.html,07/23/26 19:51
"XIAOMI Redmi A7, 5.45"", 64GB + 3GB RAM (Dual Sim), 4000mAh - Blue",Xiaomi,12290,14000,12.2,FALSE,4.183333333,Good,0.34,Entry (5k-15k),N/A,3,4000,N/A,https://www.jumia.co.ke/xiaomi-redmi-a7-5.45-64gb-3gb-ram-dual-sim-4000mah-blue-327531879.html,07/23/26 19:51
"Redmi 15C, 4G, 6.9"", 8GB RAM + 256GB, 6000mAh, Green",Xiaomi,20840,24000,13.2,FALSE,4.183333333,Good,0.201,Mid-Range (15k-30k),N/A,8,6000,N/A,https://www.jumia.co.ke/redmi-15c-byxiaomi-4g-6.9-8gb-ram-256gb-6000mah-green-25-months-warranty-328082049.html,07/23/26 19:48
"XIAOMI Redmi A7 Pro, 6.9"", 128GB + 4GB RAM (Dual Sim), 6000mAh - Blue",Xiaomi,14850,16000,7.2,FALSE,4.183333333,Good,0.282,Entry (5k-15k),N/A,4,6000,N/A,https://www.jumia.co.ke/xiaomi-redmi-a7-pro-6.9-128gb-4gb-ram-dual-sim-6000mah-blue-327531880.html,07/23/26 19:49
"XIAOMI POCO C71, 6.88"", 64GB + 3GB RAM (Dual SIM), 5200mAh, 4G - Black",Xiaomi,11999,17000,29.4,FALSE,4.183333333,Good,0.349,Entry (5k-15k),N/A,3,5200,N/A,https://www.jumia.co.ke/xiaomi-poco-c71-6.88-64gb-3gb-ram-dual-sim-5200mah-4g-black-25-months-warranty-325759002.html,07/23/26 19:49
"XIAOMI Redmi A7 Pro, 6.9"", 64GB + 4GB RAM (Dual Sim), 6000mAh - Black",Xiaomi,13500,15000,10,FALSE,4.183333333,Good,0.31,Entry (5k-15k),N/A,4,6000,N/A,https://www.jumia.co.ke/xiaomi-redmi-a7-pro-6.9-64gb-4gb-ram-dual-sim-6000mah-black-328787567.html,07/23/26 19:51
"Samsung GALAXY A17, 6.7'' HD+, 4GB RAM + 128 GB ROM, DUAL SIM, 50MP, 5000mAh/ WARRANTY - BLACK",Samsung,29999,,0,FALSE,4.130434783,Good,0.138,Mid-Range (15k-30k),128,4,5000,50,https://www.jumia.co.ke/galaxy-a17-6.7-hd-4gb-ram-128-gb-rom-dual-sim-50mp-5000mah24-months-warranty-black-samsung-mpg10267416.html,07/23/26 19:51
"Samsung Galaxy A17 5G, 6.7"", 4GB RAM + 128GB, 5000mAh, Black",Samsung,30870,38000,18.8,FALSE,4.130434783,Good,0.134,Premium (30k-50k),N/A,4,5000,N/A,https://www.jumia.co.ke/samsung-galaxy-a17-5g-6.7-4gb-ram-128gb-5000mah-black-327444807.html,07/23/26 19:49
"Samsung Galaxy A16, 6.7"", 128GB + 4GB RAM (Dual SIM), 5000mAh, Black",Samsung,26380,28000,5.8,FALSE,4.130434783,Good,0.157,Mid-Range (15k-30k),N/A,4,5000,N/A,https://www.jumia.co.ke/samsung-galaxy-a16-6.7-128gb-4gb-ram-dual-sim-5000mah-black-325579453.html,07/23/26 19:49
"Samsung A37 5G, 6.7-Inch SUPER AMOLED, 8GB RAM + 256GB, 5000mAh - Lavender",Samsung,52690,55000,4.2,FALSE,4.130434783,Good,0.078,Luxury (>50k),N/A,8,5000,N/A,https://www.jumia.co.ke/samsung-a37-5g-6.7-inch-super-amoled-8gb-ram-256gb-5000mah-lavender-328004279.html,07/23/26 19:49
"Samsung Galaxy A57 5G, 6.7"", 8GB+ 128GB (Dual SIM), 5000mAh, Awesome Navy",Samsung,56995,58000,1.7,FALSE,4.130434783,Good,0.072,Luxury (>50k),N/A,N/A,5000,N/A,https://www.jumia.co.ke/samsung-galaxy-a57-5g-6.7-8gb-128gb-dual-sim-5000mah-awesome-navy-328004212.html,07/23/26 19:49
"Samsung Galaxy A07 4G, 6.7"", 128GB + 4GB RAM (Dual SIM), 5000mAh, Black",Samsung,21040,24000,12.3,FALSE,4.130434783,Good,0.196,Mid-Range (15k-30k),N/A,4,5000,N/A,https://www.jumia.co.ke/samsung-galaxy-a07-4g-6.7-128gb-4gb-ram-dual-sim-5000mah-black-327032867.html,07/23/26 19:49
"Samsung Galaxy A05, 6.7"", 64GB + 4GB RAM (Dual SIM), 5000mAh, Black",Samsung,14656,16000,8.4,FALSE,4.130434783,Good,0.282,Entry (5k-15k),N/A,4,5000,N/A,https://www.jumia.co.ke/samsung-galaxy-a05-6.7-64gb-4gb-ram-dual-sim-5000mah-black-325564503.html,07/23/26 19:50
"Samsung Galaxy A06, 6.7"", 64GB + 4GB RAM (Dual SIM), 5000mAh, Black",Samsung,16725,20000,16.4,FALSE,4.130434783,Good,0.247,Mid-Range (15k-30k),N/A,4,5000,N/A,https://www.jumia.co.ke/samsung-galaxy-a06-6.7-64gb-4gb-ram-dual-sim-5000mah-black-325579051.html,07/23/26 19:50
"Samsung Galaxy A07 4G, 6.7"", 64GB + 4GB RAM (Dual SIM), 5000mAh, Black",Samsung,19315,24000,19.5,FALSE,4.130434783,Good,0.214,Mid-Range (15k-30k),N/A,4,5000,N/A,https://www.jumia.co.ke/samsung-galaxy-a07-4g-6.7-64gb-4gb-ram-dual-sim-5000mah-black-327032866.html,07/23/26 19:50
"Oppo A6 4G, 6.75"", 6GB RAM(12GB RAM Expansion)+256GB ROM, 45W Flash Charge, 7000mA, (Dual Sim) Sa...",Oppo,32999,,0,FALSE,4.116666667,Good,0.125,Premium (30k-50k),256,6,N/A,N/A,https://www.jumia.co.ke/oppo-a6-4g-6.75-6gb-ram12gb-ram-expansion256gb-rom45w-flash-charge7000madual-sim-sapphire-blue-2yrs-wrty-327544109.html,07/23/26 19:50
"Oppo A6 4G, 6.75"", 8GB RAM(16GB RAM Expansion)+256GB ROM, 45W Flash Charge, 7000mA, (Dual Sim) Sa...",Oppo,35999,,0,FALSE,4.116666667,Good,0.114,Premium (30k-50k),256,8,N/A,N/A,https://www.jumia.co.ke/oppo-a6-4g-6.75-8gb-ram16gb-ram-expansion256gb-rom45w-flash-charge7000madual-sim-sapphire-blue-2yrs-wrty-327544178.html,07/23/26 19:50
"LESIA L182 1.77""QQVOA Triple Sim 2500mah feature phone with Camera",Lesia,767,945,18.8,FALSE,4.1,Good,5.346,Budget (<5k),N/A,N/A,2500,N/A,https://www.jumia.co.ke/lesia-l182-1.77qqvoa-triple-sim-2500mah-feature-phone-with-camera-326903415.html,07/23/26 19:47
"LESIA L256 2.4""QVGA Dual Sim 2500mah feature phone with Camera",Lesia,767,1023,25,FALSE,4.1,Good,5.346,Budget (<5k),N/A,N/A,2500,N/A,https://www.jumia.co.ke/l256-2.4qvga-dunl-sim-2500mah-feature-phone-with-camera-lesia-mpg10125212.html,07/23/26 19:47
"Oppo A5 4G, 6.67"", 6GB RAM +128GB, 45W SUPERVOOC, IP65, 6000mAh (Dual SIM) - Mist White",Oppo,22256,25999,14.4,FALSE,4.1,Good,0.184,Mid-Range (15k-30k),N/A,6,6000,N/A,https://www.jumia.co.ke/oppo-a5-4g-6.67-6gb-ram-128gb-45w-supervooc-ip65-6000mah-dual-sim-mist-white-318570835.html,07/23/26 19:47
"Samsung Galaxy A17 5G, 6.7"", 4GB RAM + 128GB, 5000mAh, Black",Samsung,18999,24000,20.8,FALSE,4.1,Good,0.216,Mid-Range (15k-30k),N/A,4,5000,N/A,https://www.jumia.co.ke/samsung-galaxy-a17-5g-6.7-4gb-ram-128gb-5000mah-black-2yrs-wrty-326021589.html,07/23/26 19:47
"Samsung Galaxy A06, 6.7"", 4GB RAM + 128GB ROM, 5000mAh, (Dual SIM) - Black",Samsung,13999,19999,30,FALSE,4.1,Good,0.293,Entry (5k-15k),128,4,5000,N/A,https://www.jumia.co.ke/samsung-galaxy-a06-6.7-4gb-ram-128gb-rom-5000mah-dual-sim-black-278280171.html,07/23/26 19:47
"LESIA L182 1.77""QQVOA Triple Sim 2500mah feature phone with Camera",Lesia,767,945,18.8,FALSE,4.1,Good,5.346,Budget (<5k),N/A,N/A,2500,N/A,https://www.jumia.co.ke/lesia-l182-1.77qqvoa-triple-sim-2500mah-feature-phone-with-camera-326633766.html,07/23/26 19:47
"LESIA L256 2.4""QVGA Dunl Sim 2500mah feature phone with Camera",Lesia,767,1023,25,FALSE,4.1,Good,5.346,Budget (<5k),N/A,N/A,2500,N/A,https://www.jumia.co.ke/lesia-l256-2.4qvga-dunl-sim-2500mah-feature-phone-with-camera-326903723.html,07/23/26 19:47
"Samsung GALAXY A17, 6.7'' HD+, 4GB RAM + 128GB ROM, DUAL SIM, 50MP, 5000mAh - Blue",Samsung,19750,25000,21,FALSE,4.1,Good,0.208,Mid-Range (15k-30k),128,4,5000,50,https://www.jumia.co.ke/samsung-galaxy-a17-6.7-hd-4gb-ram-128gb-rom-dual-sim-50mp-5000mah-blue-325430936.html,07/23/26 19:47
"XIAOMI Redmi A5, 6.88"", 64GB + 3GB RAM (Dual SIM), 5200mAh, Midnight Black",Xiaomi,10600,13000,18.5,FALSE,4.1,Good,0.387,Entry (5k-15k),N/A,3,5200,N/A,https://www.jumia.co.ke/xiaomi-redmi-a5-6.88-64gb-3gb-ram-dual-sim-5200mah-midnight-black-314449293.html,07/23/26 19:47
"Tecno BEST SMALL PHONE // BUTTON PHONE // T301 2/Dual Sim, Button/KABAMBE/KATULULU/MULIKA MWIZI",Tecno,1200,2700,55.6,FALSE,4.1,Good,3.417,Budget (<5k),N/A,N/A,N/A,N/A,https://www.jumia.co.ke/tecno-best-small-phone-button-phone-t301-2dual-simbuttonkabambekatululumulika-mwizi-286863880.html,07/23/26 19:48
"Redmi 15C, 6.88"", 8GB RAM + 256GB ROM, Android 15 Dual SIM + SW BD2 PB2 BLUE",Xiaomi,20599,29000,29,FALSE,4.1,Good,0.199,Mid-Range (15k-30k),256,8,N/A,N/A,https://www.jumia.co.ke/redmi-15c-byxiaomi-6.88-8gb-ram-256gb-rom-android-15-dual-sim-sw-bd2-pb2-blue-275367902.html,07/23/26 19:47
"Reno10 Pro+ 6.6 inch Android Smartphone, 4+64GB, Android 10, 4G Network Dual SIM, GPS WIFI All-in...",Reno,14204,,0,FALSE,4.071153846,Good,0.287,Entry (5k-15k),N/A,N/A,N/A,N/A,https://www.jumia.co.ke/landvo-reno10-pro-6.6-inch-android-smartphone464gbandroid-104g-network-dual-sim-gps-wifi-all-in-one-phone-327499810.html,07/23/26 19:49
"Reno10 Pro+ 6.6 inch Android Smartphone, 4GB RAM 64GB ROM, Android 10, 4G Network Dual SIM, GPS W...",Reno,14204,,0,FALSE,4.071153846,Good,0.287,Entry (5k-15k),64,4,N/A,N/A,https://www.jumia.co.ke/landvo-reno10-pro-6.6-inch-android-smartphone-4gb-ram-64gb-romandroid-104g-network-dual-sim-gps-wifi-all-in-one-phone-327476521.html,07/23/26 19:49
"I16Plus 6.6 inch Android 12 Smartphone, 4+64GB, 4200mAh, 4G Network Dual SIM, GPS WIFI All-in-One...",I16Plus,14204,,0,FALSE,4.071153846,Good,0.287,Entry (5k-15k),N/A,N/A,4200,N/A,https://www.jumia.co.ke/landvo-i16plus-6.6-inch-android-12-smartphone-464gb4200mah4g-network-dual-sim-gps-wifi-all-in-one-phone-327616700.html,07/23/26 19:51
"I16Plus 6.6 inch Android 12 Smartphone, 3+64GB, 4200mAh, 4G Network Dual SIM, GPS WIFI All-in-One...",I16Plus,14204,,0,FALSE,4.071153846,Good,0.287,Entry (5k-15k),N/A,N/A,4200,N/A,https://www.jumia.co.ke/landvo-i16plus-6.6-inch-android-12-smartphone-364gb4200mah4g-network-dual-sim-gps-wifi-all-in-one-phone-327476089.html,07/23/26 19:51
"S25 Ultra 6.8 inch Android Smartphone, 2+16GB, 4G Network Dual SIM, GPS WIFI All-in-One Phone",S25,10988,,0,FALSE,4.071153846,Good,0.371,Entry (5k-15k),N/A,N/A,N/A,N/A,https://www.jumia.co.ke/landvo-s25-ultra-6.8-inch-android-smartphone-216gb4g-network-dual-sim-gps-wifi-all-in-one-phone-327499718.html,07/23/26 19:50
13 128GB - White RENEWEDA,Apple,39000,69000,43.5,FALSE,4.071153846,Good,0.104,Premium (30k-50k),N/A,N/A,N/A,N/A,https://www.jumia.co.ke/renewed-13-128gb-white-reneweda-328018193.html,07/23/26 19:49
"XIAOMI Redmi A7 Pro, 6.9"", 128GB + 4GB RAM (Dual Sim), 6000mAh - Black",Xiaomi,14850,16000,7.2,FALSE,4,Good,0.269,Entry (5k-15k),N/A,4,6000,N/A,https://www.jumia.co.ke/xiaomi-redmi-a7-pro-6.9-128gb-4gb-ram-dual-sim-6000mah-black-327531871.html,07/23/26 19:47
"Samsung GALAXY A17, 6.7'' HD+, 4GB RAM + 128GB ROM, DUAL SIM, 50MP, 5000mAh COMES WITH",Samsung,19650,22000,10.7,FALSE,4,Good,0.204,Mid-Range (15k-30k),128,4,5000,50,https://www.jumia.co.ke/galaxy-a17-6.7-hd-4gb-ram-128gb-rom-dual-sim-50mp-5000mah-comes-with-free-gifts24-months-warranty..for-you-samsung-mpg9466596.html,07/23/26 19:47
"Samsung A16, 6.7"", 128GB + 4GB RAM (Dual SIM), 5000mAh, Black",Samsung,16999,22500,24.4,FALSE,4,Good,0.235,Mid-Range (15k-30k),N/A,4,5000,N/A,https://www.jumia.co.ke/samsung-a16-6.7-128gb-4gb-ram-dual-sim-5000mah-black-2yrs-wrty-326039487.html,07/23/26 19:51
"XIAOMI A7 PRO, 4GB RAM + 64GB, 50MP, 6.9"", 6000mAh, Dual Sim, - BLUE",Xiaomi,12579,19999,37.1,FALSE,4,Good,0.318,Entry (5k-15k),N/A,4,6000,50,https://www.jumia.co.ke/xiaomi-a7-pro-by-xiaomi-4gb-ram-64gb-50mp-6.9-6000mah-dual-sim-12-months-warranty-blue-327634064.html,07/23/26 19:50
"LESIA L252 2.4""QVGA Dual Sim 1200mah feature phone with Camera",Lesia,910,1246,27,FALSE,4,Good,4.396,Budget (<5k),N/A,N/A,1200,N/A,https://www.jumia.co.ke/lesia-l252-2.4qvga-dual-sim-1200mah-feature-phone-with-camera-326954160.html,07/23/26 19:48
Samsung Galaxy M23 5G 4GB RAM+128GB ROM (6.6'') 5000mAh 50MP Main Camera Android Smartphone -Orange,Samsung,15299,26800,42.9,FALSE,4,Good,0.261,Mid-Range (15k-30k),128,4,5000,50,https://www.jumia.co.ke/renewed-samsung-galaxy-m23-5g-4gb-ram128gb-rom-6.6-5000mah-50mp-main-camera-android-smartphone-orange-325553560.html,07/23/26 19:48
"Infinix Smart 20, 6.78"", 4GB RAM + 64GB (Dual SIM), 5200Ah, Polaris Titanium",Infinix,12100,13000,6.9,FALSE,4,Good,0.331,Entry (5k-15k),N/A,4,N/A,N/A,https://www.jumia.co.ke/infinix-smart-20-6.78-4gb-ram-64gb-dual-sim-5200ah-polaris-titanium-327867220.html,07/23/26 19:47
"Safaricom Neon Smarta 2, 5"", 32GB + 2GB RAM (Dual SIM), 3300mAh, Black//WZ//",Safaricom,3050,3500,12.9,FALSE,4,Good,1.311,Budget (<5k),N/A,2,3300,N/A,https://www.jumia.co.ke/safaricom-neon-smarta-2-5-32gb-2gb-ram-dual-sim-3300mah-blackwz-327479380.html,07/23/26 19:47
"Nokia C32, 6.2"", 64GB + 4GB RAM (Dual SIM), 5050MAh, Charcoal Grey",Nokia,17999,,0,FALSE,4,Good,0.222,Mid-Range (15k-30k),N/A,4,5050,N/A,https://www.jumia.co.ke/nokia-c32-6.2-64gb-4gb-ram-dual-sim-5050mah-charcoal-grey-1yr-wrty-150536966.html,07/23/26 19:49
"Samsung Galaxy A16, 6.7"", 128GB + 4GB RAM (Dual SIM), 5000mAh, (Black)",Samsung,17399,25000,30.4,FALSE,4,Good,0.23,Mid-Range (15k-30k),N/A,4,5000,N/A,https://www.jumia.co.ke/samsung-galaxy-a16-6.7-128gb-4gb-ram-dual-sim-5000mah-black-free-gifts-325377699.html,07/23/26 19:51
"Safaricom Neon Smarta 2, 5"", 32GB + 2GB RAM (Dual SIM), 3300mAh, Black",Safaricom,2950,13400,78,TRUE,4,Good,1.356,Budget (<5k),N/A,2,3300,N/A,https://www.jumia.co.ke/safaricom-neon-smarta-2-5-32gb-2gb-ram-dual-sim-3300mah-black-326117242.html,07/23/26 19:51
"Infinix Note Edge 6.67"", 8GB RAM + 256GB (Dual SIM), 6150MAh, Shadow Black",Infinix,34358,36000,4.6,FALSE,4,Good,0.116,Premium (30k-50k),N/A,8,6150,N/A,https://www.jumia.co.ke/infinix-note-edge-6.67-8gb-ram-256gb-dual-sim-6150mah-shadow-black-free-power-bank-1yr-wrty-326846294.html,07/23/26 19:48
"Samsung GALAXY A17, 6.7'' HD+, 4GB RAM + 128GB ROM, DUAL SIM, 50MP, 5000mAh/ WARRANTY+AMAIZING",Samsung,19550,27000,27.6,FALSE,4,Good,0.205,Mid-Range (15k-30k),128,4,5000,50,https://www.jumia.co.ke/samsung-galaxy-a17-6.7-hd-4gb-ram-128gb-rom-dual-sim-50mp-5000mah24-months-warrantyamaizing-gifts-325431005.html,07/23/26 19:47
"Honor Magic V5 7.95"" 16GB RAM+512GB (Dual Sim) 5820mAh-Dawn Gold (1 year Warranty)",Honor,178800,199998,10.6,FALSE,3.983333333,Good,0.022,Luxury (>50k),N/A,16,5820,N/A,https://www.jumia.co.ke/honor-magic-v5-7.95-16gb-ram512gb-dual-sim-5820mah-dawn-gold-1-year-warranty-327104771.html,07/23/26 19:50
Honor X6c 6.74” 6GB RAM+256GB 4G 5300 mAh Midnight Black- Dual Sim,Honor,21991,,0,FALSE,3.983333333,Good,0.181,Mid-Range (15k-30k),N/A,6,5300,N/A,https://www.jumia.co.ke/honor-x6c-6.74-6gb-ram256gb-4g-5300-mah-midnight-black-dual-sim-1yr-wrty-326874978.html,07/23/26 19:49
"Honor X9d ""6.79"" 12GB RAM +256GB 5G Dual-SIM - Midnight Black",Honor,54644,56334,3,FALSE,3.983333333,Good,0.073,Luxury (>50k),N/A,12,N/A,N/A,https://www.jumia.co.ke/honor-x9d-6.79-12gb-ram-256gb-5g-dual-sim-midnight-black-free-x7e-earpods-327511100.html,07/23/26 19:49
"Honor Magic V5 7.95"" 16GB RAM+512GB (Dual Sim) 5820mAh- White (1 year Warranty)",Honor,184300,194300,5.1,FALSE,3.983333333,Good,0.022,Luxury (>50k),N/A,16,5820,N/A,https://www.jumia.co.ke/honor-magic-v5-7.95-16gb-ram512gb-dual-sim-5820mah-white-1-year-warranty-328045606.html,07/23/26 19:50
Honor Play 10 6.74” 3GB RAM + 64GB 4G 5000 mAh Starry Purple - Dual Card Sim,Honor,10299,11500,10.4,FALSE,3.983333333,Good,0.387,Entry (5k-15k),N/A,3,5000,N/A,https://www.jumia.co.ke/honor-play-10-6.74-3gb-ram-64gb-4g-5000-mah-starry-purple-dual-card-sim-1yr-wrty-326840464.html,07/23/26 19:50
Honor X6c 6.74” 6GB RAM+128GB 4G 5300 mAh Ocean Cyan- Dual Sim,Honor,20501,,0,FALSE,3.983333333,Good,0.194,Mid-Range (15k-30k),N/A,6,5300,N/A,https://www.jumia.co.ke/honor-x6c-6.74-6gb-ram128gb-4g-5300-mah-ocean-cyan-dual-sim-1yr-wrty-326874930.html,07/23/26 19:50
Honor X6c 6.74” 6GB RAM+128GB 4G 5300 mAh Midnight Black - Dual Sim,Honor,20501,,0,FALSE,3.983333333,Good,0.194,Mid-Range (15k-30k),N/A,6,5300,N/A,https://www.jumia.co.ke/honor-x6c-6.74-6gb-ram128gb-4g-5300-mah-midnight-black-dual-sim-1yr-wrty-326841046.html,07/23/26 19:49
"Safaricom Neon Smarta 2, 5"", 32GB + 2GB RAM (Dual SIM), 3300mAh, Black",Safaricom,2970,3999,25.7,FALSE,3.933333333,Good,1.324,Budget (<5k),N/A,2,3300,N/A,https://www.jumia.co.ke/safaricom-neon-smarta-2-5-32gb-2gb-ram-dual-sim-3300mah-black-328694722.html,07/23/26 19:50
"Samsung GALAXY A17 6.7'' HD+, 8GB RAM + 256GB ROM, DUAL SIM, 50MP, 5000mAh",Samsung,24699,36999,33.2,FALSE,3.9,Good,0.158,Mid-Range (15k-30k),256,8,5000,50,https://www.jumia.co.ke/samsung-galaxy-a17-6.7-hd-8gb-ram-256gb-rom-dual-sim-50mp-5000mah-326301650.html,07/23/26 19:47
"Redmi 15C, 6.88"", 8GB RAM + 256GB ROM, Android 15 Dual SIM + WW BN, BLACK",Xiaomi,19999,30000,33.3,FALSE,3.9,Good,0.195,Mid-Range (15k-30k),256,8,N/A,N/A,https://www.jumia.co.ke/redmi-15c-byxiaomi6.88-8gb-ram-256gb-rom-android-15-dual-sim-ww-bn-black-275368047.html,07/23/26 19:51
"Samsung Galaxy A16, 6.7"", 4GB RAM + 128GB (Dual SIM), 5000mAh, Black",Samsung,17799,19999,11,FALSE,3.9,Good,0.219,Mid-Range (15k-30k),N/A,4,5000,N/A,https://www.jumia.co.ke/samsung-galaxy-a16-6.7-4gb-ram-128gb-dual-sim-5000mah-blackfreegifts-327649387.html,07/23/26 19:51
"SQ SQ LS 980 Wireless Desktop Telephone - GSM 900/1800MHz, Dual SIM",SQ,3565,4500,20.8,FALSE,3.9,Good,1.094,Budget (<5k),N/A,N/A,N/A,N/A,https://www.jumia.co.ke/sq-sq-ls-980-wireless-desktop-telephone-gsm-9001800mhz-dual-sim-147007393.html,07/23/26 19:48
"Vivo Y05, 6500mAh, 4GB+64GB, 15W Fast Charge, 6.74"" HD+ 120Hz, Fingerprint, Dual SIM – Black",Vivo,15999,17599,9.1,FALSE,3.86,Good,0.241,Mid-Range (15k-30k),N/A,N/A,6500,N/A,https://www.jumia.co.ke/vivo-y05-6500mah-4gb64gb-15w-fast-charge-6.74-hd-120hz-fingerprint-dual-sim-black-327782427.html,07/23/26 19:49
"Vivo V70, 6.8"", 12GB RAM + 512GB (Dual SIM), 6500mAh, 90W Fast Charge, Black",Vivo,82449,93499,11.8,FALSE,3.86,Good,0.047,Luxury (>50k),N/A,12,6500,N/A,https://www.jumia.co.ke/vivo-v70-6.8-12gb-ram-512gb-dual-sim-6500mah-90w-fast-charge-black-327321954.html,07/23/26 19:50
"Vivo Y05, 6500mAh, 4GB+64GB, 15W Fast Charge, 6.74"" HD+ 120Hz, Fingerprint, Dual SIM – Platinum",Vivo,15999,17599,9.1,FALSE,3.86,Good,0.241,Mid-Range (15k-30k),N/A,N/A,6500,N/A,https://www.jumia.co.ke/vivo-y05-6500mah-4gb64gb-15w-fast-charge-6.74-hd-120hz-fingerprint-dual-sim-platinum-327782251.html,07/23/26 19:50
Tecno Camon 30 Pro 5G 12GB RAM 512GB ROM Snowy ( Silver),Tecno,30000,102000,70.6,TRUE,3.84,Good,0.128,Premium (30k-50k),512,12,N/A,N/A,https://www.jumia.co.ke/tecno-camon-30-pro-5g-12gb-ram-512gb-rom-snowy-silver-328685157.html,07/23/26 19:49
"Tecno POP 20, 6.75'', 64GB +4GB RAM (Dual SIM), 5000MAh, 4G - Black .",Tecno,13299,24899,46.6,FALSE,3.84,Good,0.289,Entry (5k-15k),N/A,4,5000,N/A,https://www.jumia.co.ke/tecno-pop-20-6.75-64gb-4gb-ram-dual-sim-5000mah-4g-black-1yr-wrty.-328592572.html,07/23/26 19:49
Ruioo RUIOO S25 Ultra Android Smartphone 8GB + 128GB 6.8 inches,Ruioo,10050,13400,25,FALSE,3.8,Good,0.378,Entry (5k-15k),N/A,N/A,N/A,N/A,https://www.jumia.co.ke/ruioo-ruioo-s25-ultra-android-smartphone-8gb-128gb-6.8-inches-327386541.html,07/23/26 19:47
"Safaricom Neon Smarta 2, 5"", 32GB + 2GB RAM (Dual SIM), 3300mAh, Black",Safaricom,3499,10000,65,FALSE,3.8,Good,1.086,Budget (<5k),N/A,2,3300,N/A,https://www.jumia.co.ke/safaricom-neon-smarta-2-5-32gb-2gb-ram-dual-sim-3300mah-black-283997475.html,07/23/26 19:51
"Samsung GALAXY A16, 6.7'' HD+, 4GB RAM + 128GB ROM, DUAL SIM, 50MP, 5000mAh",Samsung,17088,24999,31.6,FALSE,3.7,Good,0.217,Mid-Range (15k-30k),128,4,5000,50,https://www.jumia.co.ke/samsung-galaxy-a16-6.7-hd-4gb-ram-128gb-rom-dual-sim-50mp-5000mah-326948243.html,07/23/26 19:49
"Samsung A17, 6.7'' HD+, 4GB RAM + 128 GB ROM, DUAL SIM, 50MP, 5000mAh/ WARRANTY- BLACK",Samsung,19877,25500,22.1,FALSE,3.7,Good,0.186,Mid-Range (15k-30k),128,4,5000,50,https://www.jumia.co.ke/samsung-a17-6.7-hd-4gb-ram-128-gb-rom-dual-sim-50mp-5000mah24-months-warranty-black-326042038.html,07/23/26 19:49
"LESIA L281 2.8""QVGA Dual Sim 2500mah feature phone with Camera",Lesia,899,1358,33.8,FALSE,3.7,Good,4.116,Budget (<5k),N/A,N/A,2500,N/A,https://www.jumia.co.ke/lesia-l281-2.8qvga-dual-sim-2500mah-feature-phone-with-camera-326953711.html,07/23/26 19:48
"Oppo A6 Pro 4G, 6.57"", 8GB RAM + 256GB, IP69, 80W Flash Charge, 7000mA (Dual SIM), Rosewood Red",Oppo,40999,45999,10.9,FALSE,3.7,Good,0.09,Premium (30k-50k),N/A,8,N/A,N/A,https://www.jumia.co.ke/oppo-a6-pro-4g-6.57-8gb-ram-256gb-ip69-80w-flash-charge-7000ma-dual-sim-rosewood-red-2yrs-wrty-325911438.html,07/23/26 19:48
Ruioo RUIOO S25 Ultra Android Smartphone 8GB + 128GB 6.8 inches,Ruioo,10050,13400,25,FALSE,3.6,Good,0.358,Entry (5k-15k),N/A,N/A,N/A,N/A,https://www.jumia.co.ke/ruioo-ruioo-s25-ultra-android-smartphone-8gb-128gb-6.8-inches-327386510.html,07/23/26 19:47
Honor Play 10 6.74” 3GB RAM + 64GB ROM 4G 5000 mAh Ocean Cyan - Dual Card Sim,Honor,11500,,0,FALSE,3.5,Good,0.304,Entry (5k-15k),64,3,5000,N/A,https://www.jumia.co.ke/honor-play-10-6.74-3gb-ram-64gb-rom-4g-5000-mah-ocean-cyan-dual-card-sim-1yr-wrty-326840328.html,07/23/26 19:48
Ruioo RUIOO S25 Ultra Android Smartphone 8GB + 128GB 6.8 inches,Ruioo,10050,13400,25,FALSE,3.5,Good,0.348,Entry (5k-15k),N/A,N/A,N/A,N/A,https://www.jumia.co.ke/ruioo-ruioo-s25-ultra-android-smartphone-8gb-128gb-6.8-inches-327386343.html,07/23/26 19:47
"Redmi 15C, 6.9"", 4GB RAM + 128GB (Dual SIM), 6000mAh, Blue",Xiaomi,14699,16800,12.5,FALSE,3.5,Good,0.238,Entry (5k-15k),N/A,4,6000,N/A,https://www.jumia.co.ke/redmi-15c-byxiaomi-6.9-4gb-ram-128gb-dual-sim-6000mah-blue-25-months-warranty-328081972.html,07/23/26 19:47
"Redmi 15C, 6.9"", 4GB RAM + 128GB (Dual SIM), 6000mAh, Orange",Xiaomi,14699,17000,13.5,FALSE,3.4,Average,0.231,Entry (5k-15k),N/A,4,6000,N/A,https://www.jumia.co.ke/redmi-15c-byxiaomi-6.9-4gb-ram-128gb-dual-sim-6000mah-orange-25-months-warranty-328082025.html,07/23/26 19:47
"Itel Flip 1 Folding Phone - 2.4"" - 1200mAh (Dual SIM), Wireless FM, Black//TT",Itel,2900,3000,3.3,FALSE,3.3,Average,1.138,Budget (<5k),N/A,N/A,1200,N/A,https://www.jumia.co.ke/itel-flip-1-folding-phone-2.4-1200mah-dual-sim-wireless-fm-blacktt-314924139.html,07/23/26 19:49
"Vivo Y31d, 6.75"", 6GB RAM + 256GB (Dual SIM), 7200mAh, 44W Fast Charge, Grey",Vivo,29399,32999,10.9,FALSE,3.3,Average,0.112,Mid-Range (15k-30k),N/A,6,7200,N/A,https://www.jumia.co.ke/vivo-y31d-6.75-6gb-ram-256gb-dual-sim-7200mah-44w-fast-charge-grey-327050229.html,07/23/26 19:48
"OPPO A31, 6GB + 128GB, Dual Sim, Green, Refurbished",Oppo,9450,11403,17.1,FALSE,3.3,Average,0.349,Entry (5k-15k),N/A,N/A,N/A,N/A,https://www.jumia.co.ke/renewed-oppo-a31-6gb-128gb-dual-sim-green-refurbished-327457832.html,07/23/26 19:47
"Redmi 15C, 6.9"", 8GB RAM+ 256GB, 6000mAh, 1 YEAR WARRANTY - Black",Xiaomi,21183,24999,15.3,FALSE,3.1,Average,0.146,Mid-Range (15k-30k),N/A,8,6000,N/A,https://www.jumia.co.ke/redmi-15c-byxiaomi-6.9-8gb-ram-256gb-6000mah-1-year-warranty-black-327074462.html,07/23/26 19:47
"Koruima K1707 Feature Phones 1.77"" 1000mAh LED Torch Dual Sim Wireless FM Radio Button Phones Black",Koruima,953,5293,80,TRUE,3,Average,3.148,Budget (<5k),N/A,N/A,1000,N/A,https://www.jumia.co.ke/koruima-k1707-feature-phones-1.77-1000mah-led-torch-dual-sim-wireless-fm-radio-button-phones-black-325538433.html,07/23/26 19:49
"LESIA L281 2.8""QVGA, 2500mAh (Dual SIM) Feature Phone with Camera - Black",Lesia,899,1358,33.8,FALSE,2.5,Average,2.781,Budget (<5k),N/A,N/A,2500,N/A,https://www.jumia.co.ke/lesia-l281-2.8qvga-2500mah-dual-sim-feature-phone-with-camera-black-1yr-wrty-326633768.html,07/23/26 19:50
"Samsung Galaxy A57 5G, 6.7"", 8GB+ 256GB (Dual SIM), 5000mAh, Awesome Navy",Samsung,60220,66000,8.8,FALSE,2,Poor,0.033,Luxury (>50k),N/A,N/A,5000,N/A,https://www.jumia.co.ke/samsung-galaxy-a57-5g-6.7-8gb-256gb-dual-sim-5000mah-awesome-navy-328003654.html,07/23/26 19:48
"Huawei Psmart+2019 Refurbished 6.2 Inches FHD+ 256GB, 3400 mAh.",Huawei,12864,15977,19.5,FALSE,1,Poor,0.078,Entry (5k-15k),N/A,N/A,3400,N/A,https://www.jumia.co.ke/renewed-huawei-psmart2019-refurbished-6.2-inches-fhd-256gb-3400-mah.-326033655.html,07/23/26 19:49
"Honor X9d ""6.79"" 12GB RAM +256GB 5G Dual-SIM - Forest Green",Honor,49900,56334,11.4,FALSE,1,Poor,0.02,Premium (30k-50k),N/A,12,N/A,N/A,https://www.jumia.co.ke/honor-x9d-6.79-12gb-ram-256gb-5g-dual-sim-forest-green-free-x7e-earpods-327507716.html,07/23/26 19:48
"Tecno CAMON 30 Premier 5G, 512GB, 12GB RAM, 6.77"" AMOLED, Dual SIM, 5000mAh - Lava Black",Tecno,34000,104640,67.5,FALSE,1,Poor,0.029,Premium (30k-50k),N/A,12,5000,N/A,https://www.jumia.co.ke/tecno-camon-30-premier-5g-512gb-12gb-ram-6.77-amoled-dual-sim-5000mah-lava-black-328046818.html,07/23/26 19:49
"Vivo Y31d, 6.75"", 6GB RAM + 256GB (Dual SIM), 7200mAh, 44W Fast Charge, Gold",Vivo,29399,32999,10.9,FALSE,1,Poor,0.034,Mid-Range (15k-30k),N/A,6,7200,N/A,https://www.jumia.co.ke/vivo-y31d-6.75-6gb-ram-256gb-dual-sim-7200mah-44w-fast-charge-gold-327050268.html,07/23/26 19:49
"Huawei Psmart+2019 Refurbished 6.2 Inches FHD+ 256GB, 3400mAh..",Huawei,12864,15986,19.5,FALSE,1,Poor,0.078,Entry (5k-15k),N/A,N/A,3400,N/A,https://www.jumia.co.ke/renewed-huawei-psmart2019-refurbished-6.2-inches-fhd-256gb-3400mah..-326034114.html,07/23/26 19:50
"11 Pro+ 6.9 inch Android Smartphone, 4GB RAM 64GB ROM, 4G Network Dual SIM, GPS WIFI All-in-One P...",Other,14070,,0,FALSE,1,Poor,0.071,Entry (5k-15k),64,4,N/A,N/A,https://www.jumia.co.ke/landvo-11-pro-6.9-inch-android-smartphone-4gb-ram-64gb-rom4g-network-dual-sim-gps-wifi-all-in-one-phone-327499803.html,07/23/26 19:49
"A56 6.7 inch Smartphone, 4+64GB, Android 14, 4G Network Dual SIM, GPS WIFI All-in-One Phone",Other,17554,,0,FALSE,1,Poor,0.057,Mid-Range (15k-30k),N/A,N/A,N/A,N/A,https://www.jumia.co.ke/landvo-a56-6.7-inch-smartphone-464gbandroid-144g-network-dual-sim-gps-wifi-all-in-one-phone-327476241.html,07/23/26 19:49
Black 6.1 Inch For Huawei Y6 2019 Y6 Prime 2019,Other,5155,7090,27.3,FALSE,1,Poor,0.194,Entry (5k-15k),N/A,N/A,N/A,N/A,https://www.jumia.co.ke/generic-black-6.1-inch-for-huawei-y6-2019-y6-prime-2019-327993316.html,07/23/26 19:50
